de-DE,1,"""U2VociDDpGhubGljaCB6dSBEeXNvbiBBdWZ0cml0dC4uIHNvbnN0IGd1dGUgSW5ub3ZhdGlvbmVuIHVuZCBGdW5rdGlvbmFsaXTDpHQg""","""VmVyeSBzaW1pbGFyIHRvIER5c29uIGFwcGVhcmFuY2UuLiBvdGhlcndpc2UgZ29vZCBpbm5vdmF0aW9ucyBhbmQgZnVuY3Rpb25hbGl0eQ=="""
de-DE,2,"""ZWluIE1hbm4gc2F1Z3QgLSBrZWluZSBhdHRyYWt0aXZlIEZyYXU=""","""YSBtYW4gdmFjdXVtcyAtIG5vIGF0dHJhY3RpdmUgd29tYW4="""
de-DE,3,"""RWluZmFjaGVzIFNhdWdlbiwgZ2VkcmVodCBmw7xyIGVpbmUganVuZ2UgQWx0ZXJzZ3J1cHBlIA==""","""U2ltcGxlIHZhY3V1bWluZywgdHdpc3RlZCBmb3IgYSB5b3VuZyBhZ2UgZ3JvdXA="""
de-DE,4,"""RXR3YXMgaGVrdGlzY2gsIGFiZXIgbWFuIGJla29tbXQgZGlyZWt0IEx1c3QsIGRpZSBXb2hudW5nIHp1IHNhdWdlbg==""","""QSBiaXQgaGVjdGljLCBidXQgeW91IGltbWVkaWF0ZWx5IHdhbnQgdG8gdmFjdXVtIHRoZSBhcGFydG1lbnQ="""
de-DE,5,"""RWluIHN0YXVic2F1Z2VyCg==""","""QSB2YWN1dW0gY2xlYW5lcg=="""
de-DE,6,"""R3V0IHVuZCBwcmFrdGlzY2gg""","""R29vZCBhbmQgcHJhY3RpY2Fs"""
de-DE,7,"""SGVyc3RlbGx1bmcgaW4gRnJhbmtyZWljaCwgc2NoYWZmdCBhdWNoIEh1bmRlaGFhcmUsIGFsbGUgYsO2ZGVu""","""TWFudWZhY3R1cmVkIGluIEZyYW5jZSwgYWxzbyByZW1vdmVzIGRvZyBoYWlyLCBhbGwgZmxvb3Jz"""
de-DE,8,"""SHVuZA==""","""RG9n"""
de-DE,9,"""RGllIER5bmFtaWsgZGVyIFN6ZW5lbiB1bmQgZGllIE11c2lr""","""VGhlIGR5bmFtaWNzIG9mIHRoZSBzY2VuZXMgYW5kIHRoZSBtdXNpYw=="""
de-DE,10,"""RGVyIFN0YXVic2F1Z2VyIA==""","""VGhlIHZhY3V1bSBjbGVhbmVy"""
de-DE,11,"""RWluIHd1bmRlcmJhcmVyIFN0YXVic2F1Z2VyIG1pdCBzZWhyIHZpZWxlbiBJbm5vdmF0aW9uZW4u""","""QSB3b25kZXJmdWwgdmFjdXVtIGNsZWFuZXIgd2l0aCBtYW55IGlubm92YXRpb25zLg=="""
de-DE,12,"""RGllIFNhdWdrcmFmdA==""","""VGhlIHN1Y3Rpb24gcG93ZXI="""
de-DE,13,"""TGFuZ2UgQWtrdSBMYXVmemVpdCwgYmVzb25kZXJzIHN0YXJrZSBTYXVnbGVpc3R1bmcsICBuZXVlIEdlbmVyYXRpb24gQsO8cnN0ZSwgZXMgZ2lidCBhdWNoIGVpbmUgV2lzY2hmdW5rdGlvbiwgZmxleGlibGVzIFNhdWdyb2hy""","""TG9uZyBiYXR0ZXJ5IHJ1bnRpbWUsIGVzcGVjaWFsbHkgc3Ryb25nIHN1Y3Rpb24gcG93ZXIsIG5ldyBnZW5lcmF0aW9uIGJydXNoLCB0aGVyZSBpcyBhbHNvIGEgbW9wcGluZyBmdW5jdGlvbiwgZmxleGlibGUgc3VjdGlvbiBob3Nl"""
de-DE,14,"""bmV1ZSBCw7xyc3RlLCAyaW4xIFJlaW5pZ3VuZywgbGVpc3R1bmdzZsOkaGlnLCBsZWljaHQsIHNlaHIgZ3LDvG5kbGljaCwgZsO8ciBCw7ZkZW4gdW5kIFBvbHN0ZXJtw7ZiZWwsIEtuaWNrZ2VsZW5rLCBlbGVrdHJvbmlzY2hlIFN0ZXVlcnVuZyBkZXIgQsO8cnN0ZSBiencuIEdlc2Nod2luZGlna2VpdA==""","""bmV3IGJydXNoLCAyIGluIDEgY2xlYW5pbmcsIHBvd2VyZnVsLCBsaWdodCwgdmVyeSB0aG9yb3VnaCwgZm9yIGZsb29ycyBhbmQgdXBob2xzdGVyZWQgZnVybml0dXJlLCBiZW5kaW5nIGpvaW50LCBlbGVjdHJvbmljIGNvbnRyb2wgb2YgdGhlIGJydXNoIG9yIHNwZWVk"""
de-DE,15,"""ZWZmZWt0aXZlIFJlaW5pZ3VuZywgdmVyc2NoaWVkZW5lIEF1ZnPDpHR6ZSwgTXVzaWssIEh1bmQsIGFia25pY2tlbiB2b20gU2F1Z3N0YWI=""","""ZWZmZWN0aXZlIGNsZWFuaW5nLCB2YXJpb3VzIGF0dGFjaG1lbnRzLCBtdXNpYywgZG9nLCBiZW5kaW5nIGZyb20gdGhlIHN1Y3Rpb24gcm9k"""
de-DE,16,"""ZGllIFZpZWxzZWl0aWdrZWl0""","""dGhlIHZlcnNhdGlsaXR5"""
de-DE,17,"""RGllIE11c2lr""","""VGhlIG11c2lj"""
de-DE,18,"""bGVpY2h0LCBmZWx4aWJlbCwgZWZmZWt0aXYsIHNjaG5lbGw=""","""bGlnaHQsIGZsZXhpYmxlLCBlZmZlY3RpdmUsIGZhc3Q="""
de-DE,19,"""TGVpc3R1bmdzc3RhcmtlIA==""","""UG93ZXJmdWw="""
de-DE,20,"""S2FiZWxsb3NlciBTdGF1YnNhdWdlciB2ZXJ3YW5kZWxiYXIgbMOkbmdlciBTdGllbCBrdXJ6ZSB2YXJpYW50ZSBiZXV0ZWxsb3NlcyBzYXVnZW4gIHN0dWZlbnJlZ3VsaWVydW5nIEjDtmhlbiB1bnRlcnNjaGllZCAK""","""Q29yZGxlc3MgdmFjdXVtIGNvbnZlcnRpYmxlIGxvbmdlciByb2Qgc2hvcnQgdmFyaWFudCBiYWdsZXNzIHZhY3V1bWluZyBzdGFnZSByZWd1bGF0aW9uIGhlaWdodHMgZGlmZmVyZW50"""
de-DE,21,"""bmljaHRz""","""bm90aGluZw=="""
de-DE,22,"""ZGllIHZpZWxzZWl0aWdlIFZlcndlbmRiYXJrZWl0IGRlcyBHZXLDpHRlcw==""","""dGhlIHZlcnNhdGlsZSB1c2FiaWxpdHkgb2YgdGhlIGRldmljZQ=="""
de-DE,23,"""cm93ZW50YQ==""","""cm93ZW50YQ=="""
de-DE,24,"""SW50ZWxsaWdlbnQgc2F1YmVy""","""SW50ZWxsaWdlbnQgY2xlYW4="""
de-DE,25,"""VGllcmhhYXJlIGF1ZnNhdWdlbiwgaG9oZSBBa2t1bGVpc3R1bmc7IGtvbXBhdGliZWwgbWl0IHZlcnNjaGllZGVuZW4gQXVmc8OkdHplbg==""","""U3Vja2luZyB1cCBwZXQgaGFpciwgaGlnaCBiYXR0ZXJ5IHBlcmZvcm1hbmNlOyBjb21wYXRpYmxlIHdpdGggdmFyaW91cyBhdHRhY2htZW50cw=="""
de-DE,26,"""U3RhdWJzYXVnZXIgZGVyIGdlaHlwZWQgd2lyZCB3aWUgZWluIFJlbm53YWdlbi4gS2FubiBhbGxlcyB1bmQgbWVociBhbHMgbWFuIGJyYXVjaHQu""","""QSB2YWN1dW0gY2xlYW5lciB0aGF0IGlzIGh5cGVkIHVwIGxpa2UgYSByYWNlIGNhci4gQ2FuIGRvIGV2ZXJ5dGhpbmcgYW5kIG1vcmUgdGhhbiB5b3UgbmVlZC4="""
de-DE,27,"""VHVyYm8gQsO8cnN0ZSBtaXQgTEVELCBGbGV4IEdlbGVuaywgYmlzIHp1IDYwIE1pbnV0ZW4gTGF1ZnplaXQsIFNhdWdlbiB1bmQgd2lzY2hlbiwgdmllbCB6dWJlaMO2cg==""","""VHVyYm8gYnJ1c2ggd2l0aCBMRUQsIGZsZXhpYmxlIGpvaW50LCB1cCB0byA2MCBtaW51dGVzIHJ1bnRpbWUsIHZhY3V1bWluZyBhbmQgd2lwaW5nLCBsb3RzIG9mIGFjY2Vzc29yaWVz"""
de-DE,28,"""RWluIFN0YXVic2F1Z2VyIHZvbiBSb3dlbnRhIG1pdCBob2hlciBTYXVna3JhZnQsIExFRCwgZGVyIEh1bmQ=""","""QSBSb3dlbnRhIHZhY3V1bSBjbGVhbmVyIHdpdGggaGlnaCBzdWN0aW9uIHBvd2VyLCBMRUQsIHRoZSBkb2c="""
de-DE,29,"""TXVzaWsKU3RhdWJzYXVnZXIKSHVuZA==""","""TXVzaWMKVmFjdXVtIGNsZWFuZXIKRG9n"""
de-DE,30,"""SWNoIGhhYmUgc28gZWluZSDDpGhubGljaGVuIGFiZXIgbmljaHQgaW4gZGVyIFF1YWxpdMOkdC4gS2FubiBhdWNoIGRhcyBHZXLDpHQga25pY2tlbiB1bSBiZXNzZXIgdW50ZXIgbcO2YmVsIHp1IGtvbW1lbiwgTGljaHQgdW5kIELDvHJzdGVuIHNpbmQgYmVpIG1pciBhdWNoLgpOYXTDvHJsaWNoIGlzdCBlcyBuaWNodCBkaWUgdm9uIFJvd2VudGEgdW5kIGjDpGx0IGJlc3RpbW10IGF1Y2ggbmljaHQgc28gbGFuZ2UgdW5kIGVzIGhhdCBuaWNodCBzbyB2aWVsIFp1YmVow7ZyIHdpZSBkZW4gQm9kZW53aXNjaGVyIEF1ZnNhdHog""","""SSBoYXZlIGEgc2ltaWxhciBvbmUgYnV0IG5vdCBpbiB0aGUgcXVhbGl0eS4gSXQgY2FuIGFsc28gYmVuZCB0aGUgZGV2aWNlIHRvIGdldCBiZXR0ZXIgdW5kZXIgZnVybml0dXJlLCBsaWdodCBhbmQgYnJ1c2hlcyBhcmUgYWxzbyBvbiBtaW5lLgpPZiBjb3Vyc2UgaXQgaXMgbm90IHRoZSBvbmUgZnJvbSBSb3dlbnRhIGFuZCBjZXJ0YWlubHkgZG9lcyBub3QgbGFzdCBhcyBsb25nIGFuZCBpdCBkb2VzIG5vdCBoYXZlIGFzIG1hbnkgYWNjZXNzb3JpZXMgbGlrZSB0aGUgZmxvb3Igd2lwZXIgYXR0YWNobWVudA=="""
de-DE,31,"""U3RpZWwgYWJrbmlja2Jhcg==""","""Um9kIGNhbiBiZSBiZW50"""
de-DE,32,"""S3JhZnR2b2xsZXIgU3RhdWJzYXVnZXIgZGVzc2VuIFJvaHIgZWluZ2Vrbmlja3Qgd2VyZGVuIGthbm4sIGxlaWNodCB6dXNhbW1lbmJhdWJhciB1bmQgcGxhdHpzcGFyZW5kIHp1IHZlcnN0YXVlbg==""","""UG93ZXJmdWwgdmFjdXVtIGNsZWFuZXIgd2hvc2UgdHViZSBjYW4gYmUgYmVudCwgZWFzaWx5IGZvbGRhYmxlIGFuZCBzcGFjZS1zYXZpbmcgdG8gc3RvcmU="""
de-DE,33,"""c3RhdWJzYXVnZXIgdm9uIFJvd2VudHE=""","""dmFjdXVtIGNsZWFuZXIgZnJvbSBSb3dlbnRx"""
de-DE,34,"""U2VociBndXRlciBTdGF1YnNhdWdlciwgdmVyc3RlbGxiYXIuIEthbm4gZmFzdCBhbGxlcyBlaW5zYXVnZW4sIGF1Y2ggVGllcmhhYXJlLiA=""","""VmVyeSBnb29kIHZhY3V1bSBjbGVhbmVyLCBhZGp1c3RhYmxlLiBDYW4gc3VjayB1cCBhbG1vc3QgZXZlcnl0aGluZywgZXZlbiBwZXQgaGFpci4="""
de-DE,35,"""RGVyIEh1bmQ=""","""VGhlIGRvZw=="""
de-DE,36,"""ZGllIGJ1bnRlbiBmYXJiZW4gZGVzIGdlcsOkdGVz""","""dGhlIGNvbG9yZnVsIGNvbG9ycyBvZiB0aGUgZGV2aWNl"""
de-DE,37,"""RGVyIHNjaMO2bmUgSHVuZCwgZGllIFBvd2VyIGRlcyBTdGF1YnNhdWdlcnMsIGRpZSBFbGVnYW56LCB3YXMgZGVyIFNhdWdlciBhbGxlcyBrYW5uIHVuZCBkaWUgUG93ZXIgTXVzaWsu""","""VGhlIGJlYXV0aWZ1bCBkb2csIHRoZSBwb3dlciBvZiB0aGUgdmFjdXVtIGNsZWFuZXIsIHRoZSBlbGVnYW5jZSwgd2hhdCB0aGUgdmFjdXVtIGNhbiBkbyBhbmQgdGhlIHBvd2VyIG11c2ljLg=="""
de-DE,38,"""Um93ZW50YSBTdGF1YnNhdWdlcgpTY2huZWxsZSBNdXNpawrDnGJlcmZvcmRlcnVuZwpadSB2aWVsIFRleHQKWnUgc2NobmVsbAo=""","""Um93ZW50YSBWYWN1dW0gQ2xlYW5lcgpGYXN0IG11c2ljCk92ZXJ3aGVsbWVkClRvbyBtdWNoIHRleHQKVG9vIGZhc3Q="""
de-DE,39,"""TmV1YXJ0aWdlIELDvHJzdGUsIGZsZXhpYmVsLCBpbiBGcmFua3JlaWNoIGhlcmdlc3RlbGx0IA==""","""SW5ub3ZhdGl2ZSBicnVzaCwgZmxleGlibGUsIG1hZGUgaW4gRnJhbmNl"""
de-DE,40,"""RGVyIEF1c3RyYWxpbiBTaGVwaGVyZCwgdW5kIG5hdMO8cmxpY2ggZGVyIFN0YXVic2F1Z2VyIG1pdCBzZWluZW4gRnVua3Rpb25lbg==""","""VGhlIEF1c3RyYWxpYW4gU2hlcGhlcmQsIGFuZCBvZiBjb3Vyc2UgdGhlIHZhY3V1bSBjbGVhbmVyIHdpdGggaXRzIGZ1bmN0aW9ucw=="""
de-DE,41,"""TGVpc3R1bmdzc3RhcmtlciBBa2t1LVNhdWdlciB2b24gUm93ZW50YSA=""","""UG93ZXJmdWwgY29yZGxlc3MgdmFjdXVtIGNsZWFuZXIgZnJvbSBSb3dlbnRh"""
de-DE,42,"""RWluIEhhbmRzdMO8Y2s=""","""QSBoYW5kaGVsZCB1bml0"""
de-DE,43,"""ZWlvbiBpbnRlcmVzc2FudGVzIHByb2R1a3Qgdm9uIHJvd2VudGEgbW9kZXJuIGFuc3ByZWNoZW5kIGF1ZmZhbGxlbmQ=""","""YW4gaW50ZXJlc3RpbmcgcHJvZHVjdCBmcm9tIHJvd2VudGEgbW9kZXJuIGFwcGVhbGluZyBzdHJpa2luZw=="""
de-DE,44,"""RGllIE1hcmtlIFJvd2VudGEgYnJpbmd0IGVpbiBuZXVlcyBmcmFuesO2c2lzY2hlcyBQcm9kdWt0IGF1ZiBkZW4gTWFya3QuIEVpbiBrYWJlbGxvc2VyIEhhbmRzdGF1YnNhdWdlciBmw7xyIFRlcHBpY2hlLCB1bmQgYW5kZXJlIELDtmRlbi4gRsO8ciBQb2xzdGVyLCBNw7ZiZWwuIEbDvHIgamVkZSBBbndlbmR1bmcgZGVuIHJpY2h0aWdlbiBBdWZzYXR6Lg==""","""VGhlIFJvd2VudGEgYnJhbmQgaXMgbGF1bmNoaW5nIGEgbmV3IEZyZW5jaCBwcm9kdWN0IG9uIHRoZSBtYXJrZXQuIEEgY29yZGxlc3MgaGFuZCB2YWN1dW0gY2xlYW5lciBmb3IgY2FycGV0cyBhbmQgb3RoZXIgZmxvb3JzLiBGb3IgdXBob2xzdGVyeSwgZnVybml0dXJlLiBUaGUgcmlnaHQgYXR0YWNobWVudCBmb3IgZXZlcnkgYXBwbGljYXRpb24u"""
de-DE,45,"""c2VociBndXRlIFNhdWdsZWlzdHVuZywgb2huZSBLYWJlbCwgbGVpY2h0IHp1IGJlZGllbmVuLCB2aWVsZSBEw7xzZW4=""","""dmVyeSBnb29kIHN1Y3Rpb24gcG93ZXIsIHdpdGhvdXQgY2FibGUsIGVhc3kgdG8gb3BlcmF0ZSwgbWFueSBub3p6bGVz"""
de-DE,46,"""U3RhdWJzYXVnZXIgaW50ZWxsaWdlbnQgZmxleGliZWwgc2F1Z3N0YXJrIHZlcnNjaGllZGVuZSBBdWZzw6R0emUg""","""SW50ZWxsaWdlbnQgZmxleGlibGUgcG93ZXJmdWwgdmFjdXVtIGNsZWFuZXIgd2l0aCB2YXJpb3VzIGF0dGFjaG1lbnRz"""
de-DE,47,"""ZsO8ciBhbGxlIELDtmRlbi0g""","""Zm9yIGFsbCBmbG9vcnMt"""
de-DE,48,"""dG9sbCB3YXMgbWFuIG1pdCBkZW0gbWFjaGVuIGthbm4uIGJlc29uZXJzIGRhcyBzYXVnZW4gdm9uIGLDtmRlbg==""","""Z3JlYXQgd2hhdCB5b3UgY2FuIGRvIHdpdGggaXQuIGVzcGVjaWFsbHkgdmFjdXVtaW5nIGZsb29ycw=="""
de-DE,49,"""RGVyIEh1bmQgdW50ZXIgZGVtIFNvZmE=""","""VGhlIGRvZyB1bmRlciB0aGUgc29mYQ=="""
de-DE,50,"""ZGllIHVuZ2xhdWJsaWNoZSBzY2hsZWNodGUgw5xiZXJzZXR6dW5n""","""dGhlIGluY3JlZGlibGUgYmFkIHRyYW5zbGF0aW9u"""
de-DE,51,"""ZGFzcyBkZXIgU3RhdWJzYXVnZXIgbmFoZXp1IDEwMCBwcm96ZW50IGtsZWluZXIsIGZlaW5lciBQYXJ0aWtlbCBlaW5zYXVnZW4ga2Fubg==""","""dGhhdCB0aGUgdmFjdXVtIGNsZWFuZXIgY2FuIGFsbW9zdCAxMDAgcGVyY2VudCBzdWNrIHVwIHNtYWxsZXIsIGZpbmVyIHBhcnRpY2xlcw=="""
de-DE,52,"""TWVocmVyZSBNw7ZnbGljaGtlaXRlbiBkZXMgRWluc2F0emVzLiAxLjYga2cgR2V3aWNodC4gSGVyZ2VzdGVsbHQgaW4gRnJhbmtyZWljaA==""","""U2V2ZXJhbCBwb3NzaWJpbGl0aWVzIG9mIHVzZS4gMS42IGtnIHdlaWdodC4gTWFudWZhY3R1cmVkIGluIEZyYW5jZQ=="""
de-DE,53,"""ZGllIFZpZWxzZWl0aWdrZWl0IGRpZXNlcyBSZWluaWd1bmdzZ2Vyw6R0ZXM=""","""dGhlIHZlcnNhdGlsaXR5IG9mIHRoaXMgY2xlYW5pbmcgZGV2aWNl"""
de-DE,54,"""RWluIGludGVsbGlnZW50ZXIgQWtrdXN0YXVic2F1Z2VyIA==""","""QW4gaW50ZWxsaWdlbnQgY29yZGxlc3MgdmFjdXVtIGNsZWFuZXI="""
de-DE,55,"""U3RhcmtlciBTdGF1YnNhdWdlcg==""","""UG93ZXJmdWwgdmFjdXVtIGNsZWFuZXI="""
de-DE,56,"""cm93ZW50YS4gbmV1ZSBiw7xyc3Rlbg==""","""cm93ZW50YS4gbmV3IGJydXNoZXM="""
de-DE,57,"""MSw2IGtn""","""MS42IGtn"""
de-DE,58,"""a2FubiBzYXVnZW4gdW5kIFdpc2NoZW4sIExpY2h0LCBsYW5nZSBBa2t1bGF1ZnplaXQsIHN0YXJrZSBTYXVna3JhZnQsIFp1YmVow7Zy""","""Y2FuIHZhY3V1bSBhbmQgd2lwZSwgbGlnaHQsIGxvbmcgYmF0dGVyeSBsaWZlLCBzdHJvbmcgc3VjdGlvbiBwb3dlciwgYWNjZXNzb3JpZXM="""
de-DE,59,"""U3RhdWJzYXVnZXI=""","""VmFjdXVtIGNsZWFuZXI="""
de-DE,60,"""Uk9XRU5UQSBTdGF1YnNhdWdlciwga3JhZnR2b2xsLCBzZWhyIGVmZmVrdGl2IHVuZCB2YXJpYWJlbCBlaW5zZXR6YmFyLiBIZXJnZXN0ZWxsdCBiencuIHByb2R1emllcnQgaW4gRnJhbmtyZWljaCAoZGVyIDEuIHNlaW5lciBLbGFzc2UpLg==""","""Uk9XRU5UQSB2YWN1dW0gY2xlYW5lciwgcG93ZXJmdWwsIHZlcnkgZWZmZWN0aXZlIGFuZCB2ZXJzYXRpbGUuIE1hbnVmYWN0dXJlZCBvciBwcm9kdWNlZCBpbiBGcmFuY2UgKHRoZSAxc3Qgb2YgaXRzIGNsYXNzKS4="""
de-DE,61,"""R3V0ZSBiaWxkZXI=""","""R29vZCBwaWN0dXJlcw=="""
de-DE,62,"""ZGllIGZsZXhpYmxlIEdlc3RhbHR1bmcgZGVzIFN0YXVic2F1Z2Vycw==""","""dGhlIGZsZXhpYmxlIGRlc2lnbiBvZiB0aGUgdmFjdXVtIGNsZWFuZXI="""
de-DE,63,"""c3RhcmtlIFNhdWdiw7xyc3RlbiwgZmxleGlibGUgSGFuZGhhYnVuZywga3JhZnR2b2xsZSBSZWluaWd1bmdzbGVpc3R1bmcsIG9wdGltYWwgYXVjaCBiZWkgVGllcmhhYXJlbiwgRmlsdGVybGVpc3R1bmc=""","""c3Ryb25nIHN1Y3Rpb24gYnJ1c2hlcywgZmxleGlibGUgaGFuZGxpbmcsIHBvd2VyZnVsIGNsZWFuaW5nIHBlcmZvcm1hbmNlLCBvcHRpbWFsIGFsc28gZm9yIHBldCBoYWlyLCBmaWx0ZXIgcGVyZm9ybWFuY2U="""
de-DE,64,"""TnVyIDEsNSBrZywgbWl0IEtuaWVja2Z1bmt0aW9uLCBWZXJzY2hpZWRlbmUgR2VzY2h3aW5kaWdrZWl0ZW4sIAo=""","""T25seSAxLjUga2csIHdpdGgga25lZSBmdW5jdGlvbiwgdmFyaW91cyBzcGVlZHMs"""
de-DE,65,"""RGllIE11c2lrOyBmw7xyIG1pY2ggZXR3YXMgYW5zdHJlbmdlbmQgenV6dWjDtnJlbi4gCkFuc29uc3RlbiBkaWUgRnVua3Rpb25lbiB1bmQgZGFzIGJsYXVlIExpY2h0IGRlcyBTdGF1YnNhdWdlcnMu""","""VGhlIG11c2ljOyBmb3IgbWUgc29tZXdoYXQgdGlyaW5nIHRvIGxpc3RlbiB0by4gCk90aGVyd2lzZSB0aGUgZnVuY3Rpb25zIGFuZCB0aGUgYmx1ZSBsaWdodCBvZiB0aGUgdmFjdXVtIGNsZWFuZXIu"""
de-DE,66,"""RWluIFN0YXVic2F1Z2VyIGRlciBhdXMgbWVocmVyZW4gVGVpbGVuIGJlc3RlaHQgdW5kIGRhbWl0IGluZGl2aWR1ZWxsIGVpbnNldHpiYXIgaXN0""","""QSB2YWN1dW0gY2xlYW5lciB0aGF0IGNvbnNpc3RzIG9mIHNldmVyYWwgcGFydHMgYW5kIGNhbiB0aHVzIGJlIHVzZWQgaW5kaXZpZHVhbGx5"""
de-DE,67,"""SHVuZA==""","""RG9n"""
de-DE,68,"""Um93ZW50YSBTYXVnZXIgbWl0IHZpZWwgUG93ZXI=""","""Um93ZW50YSB2YWN1dW0gd2l0aCBhIGxvdCBvZiBwb3dlcg=="""
de-DE,69,"""bGF1dCB1bmQgc2NocmlsbCB1bmQgYXVmZmFsbGVuZA==""","""TG91ZCBhbmQgc2hyaWxsIGFuZCBjb25zcGljdW91cw=="""
de-DE,70,"""RGFzIGRlciBTYXVnZXIgYXVjaCB3aXNjaGVuIGthbm4uIEVyIGhhdCBzdGFya2UgTGVpc3R1bmcgdW5kIHNpZWh0IHRvbGwgYXVzLiBJY2ggYmluIHZlcmxpZWJ0IPCfmII=""","""VGhhdCB0aGUgdmFjdXVtIGNhbiBhbHNvIHdpcGUuIEl0IGhhcyBzdHJvbmcgcGVyZm9ybWFuY2UgYW5kIGxvb2tzIGdyZWF0LiBJJ20gaW4gbG92ZSDwn5iC"""
de-DE,71,"""cm93ZW50YSBzdGF1YnNhdWdlciBkZXIgZ3V0IGluIGFsbGUgRWNrZW4ga29tbXQgcGVyZmVrdCByZWluaWd0""","""cm93ZW50YSB2YWN1dW0gY2xlYW5lciB0aGF0IGdldHMgaW50byBhbGwgY29ybmVycyBwZXJmZWN0bHkgY2xlYW5z"""
de-DE,72,"""U2F1Z2tyYWZ0LCBpbnRlbGxpZ2VudGVzIFN5c3RlbSA=""","""U3VjdGlvbiBwb3dlciwgaW50ZWxsaWdlbnQgc3lzdGVt"""
de-DE,73,"""U3RhdWJzYXVnZXIgdm9uIHJvd2VudGE=""","""VmFjdXVtIGNsZWFuZXIgZnJvbSByb3dlbnRh"""
de-DE,74,"""U3RhdWJzYXVnZXIgbWl0IHZpZWxlbiBGdW5rdGlvbmVuLg==""","""VmFjdXVtIGNsZWFuZXIgd2l0aCBtYW55IGZ1bmN0aW9ucy4="""
de-DE,75,"""RXJzdG1hbHMgaW4gRnJhbmtyZWljaCBwcm9kdXppZXJ0LiBGbGluayB1bmQgd2VuZGlnLCBoYW5kbGljaCwgbmV1ZSBCw7xyc3RlbmFydC4=""","""Rmlyc3QgcHJvZHVjZWQgaW4gRnJhbmNlLiBBZ2lsZSBhbmQgbmltYmxlLCBoYW5keSwgbmV3IGJydXNoIHR5cGUu"""
de-DE,76,"""RmxleGliaWxpdMOkdCA=""","""RmxleGliaWxpdHk="""
de-DE,77,"""ZGFzcyBlcyB2ZXJzY2hpZWRlbmUgQXVmc8OkdHplIGdpYnQsIGRpZSB6LiBCLiBhdWNoIGFscyBCb2Rlbndpc2NoZXIgZnVua3Rpb25pZXJlbiwgZGFzcyBtYW4gZGFzIEdlcsOkdCBhdWNoIHZvbSBTdGllbCBhYnRyZW5uZW4ga2FubiB1bmQgZGFtaXQgZGFzIEF1dG8gYXVzc2F1Z2VuIGthbm4=""","""dGhhdCB0aGVyZSBhcmUgZGlmZmVyZW50IGF0dGFjaG1lbnRzLCB3aGljaCBjYW4gYWxzbyBmdW5jdGlvbiBhcyBmbG9vciB3aXBlcnMsIHRoYXQgeW91IGNhbiBkZXRhY2ggdGhlIGRldmljZSBmcm9tIHRoZSBzdGVtIGFuZCB2YWN1dW0gdGhlIGNhciB3aXRoIGl0"""
de-DE,78,"""S2FiZWxsb3NlciwgZWZmaXppZW50ZXIgdW5kIGZsZXhpYmxlciBTdGF1YnNhdWdlcg==""","""Q29yZGxlc3MsIGVmZmljaWVudCBhbmQgZmxleGlibGUgdmFjdXVtIGNsZWFuZXI="""
de-DE,79,"""WnVrdW5mdHNtb2RlbGwgbWl0IGxhbmdlciBMYXVmemVpdCwga2FiZWxsb3MgaGVyZ2VzdGVsbHQgaW4gRnJhbmtyZWljaA==""","""RnV0dXJlIG1vZGVsIHdpdGggbG9uZyBydW50aW1lLCBjb3JkbGVzcyBtYW51ZmFjdHVyZWQgaW4gRnJhbmNl"""
de-DE,80,"""Q29vbGUgTXVzaWssIHNjaG5lbGxlIFdlY2hzZWwgZGVyIEdlcsOkdGUg""","""Q29vbCBtdXNpYywgcXVpY2sgY2hhbmdlcyBvZiBkZXZpY2Vz"""
de-DE,81,"""c2VociBpbnRlcmVzYW50""","""VmVyeSBpbnRlcmVzdGluZw=="""
de-DE,82,"""ZGFzIGVzIHNpY2ggdW0gZWluZW4gZ3V0ZW4gU3RhdWJzYXVnZXIgaGFuZGVsdCE=""","""dGhhdCBpdCBpcyBhIGdvb2QgdmFjdXVtIGNsZWFuZXIh"""
de-DE,83,"""RGVyIFNhdWdlciBoYXQgdmllbGUgRnVua3Rpb25lbg==""","""VGhlIHZhY3V1bSBoYXMgbWFueSBmdW5jdGlvbnM="""
de-DE,84,"""RGllc2VyIEFra3VzdGF1YnNhdWdlciBtYWNodCBlaW5lbiBndXRlbiBFaW5kcnVjay4=""","""VGhpcyBjb3JkbGVzcyB2YWN1dW0gY2xlYW5lciBtYWtlcyBhIGdvb2QgaW1wcmVzc2lvbi4="""
de-DE,85,"""U2VociBlZmZpemllbnRlciBIYW5kc3RhdWJzYXVnZXI=""","""VmVyeSBlZmZpY2llbnQgaGFuZGhlbGQgdmFjdXVtIGNsZWFuZXI="""
de-DE,86,"""VmllbGUgdGVjaG5pc2NoIEJpbGRlcjsgbmV1ZXIgZmxleGlibGVyIFN0YXVic2F1Z2VyIHdpcmQgdm9yZ2VzdGVsbHQ7IHZpZWxlIEVpbnNhdHptw7ZnbGljaGtlaXRlbg==""","""TWFueSB0ZWNobmljYWwgcGljdHVyZXM7IG5ldyBmbGV4aWJsZSB2YWN1dW0gY2xlYW5lciBpcyBwcmVzZW50ZWQ7IG1hbnkgYXBwbGljYXRpb24gcG9zc2liaWxpdGllcw=="""
de-DE,87,"""RGFzIGRlciBTdGF1YnNhdWdlciBzZWhyIGdyw7xuZGxpY2ggcmVpbmlndA==""","""VGhhdCB0aGUgdmFjdXVtIGNsZWFuZXIgY2xlYW5zIHZlcnkgdGhvcm91Z2hseQ=="""
de-DE,88,"""TGVpZGVyIGdhciBuaWNodHM=""","""VW5mb3J0dW5hdGVseSBub3RoaW5n"""
de-DE,89,"""ZGllIHZpZWxlbiB2ZXJzY2hpZWRlbmVuIGFud2VuZHVuZ3Ntw7ZnbGljaGtlaXRlbiB1bmQgZmxleGliaWxpdMOkdCB2b20gZ2Vyw6R0""","""dGhlIG1hbnkgZGlmZmVyZW50IGFwcGxpY2F0aW9uIHBvc3NpYmlsaXRpZXMgYW5kIGZsZXhpYmlsaXR5IG9mIHRoZSBkZXZpY2U="""
de-DE,90,"""aW4gRnJhbmtyZWljaCBoZXJnZXN0ZWxsdCwyLTEgU2F1Z2VyOyBuZXVlIFRlY2hub2xvZ2llOyBhYmtuaWNrYmFyZXMgU2F1Z3JvaHI7IGxlaWNodGUgSGFuZGFyYmVpdHNtw7ZnbGljaGtlaXQ7cmVpbmlndCBzY2huZWxsIHVuZCBlZmZpemllbnQ=""","""TWFkZSBpbiBGcmFuY2UsIDItaW4tMSB2YWN1dW07IG5ldyB0ZWNobm9sb2d5OyBiZW5kYWJsZSBzdWN0aW9uIHR1YmU7IGVhc3kgaGFuZCBvcGVyYXRpb247IGNsZWFucyBxdWlja2x5IGFuZCBlZmZpY2llbnRseQ=="""
de-DE,91,"""MyBpbiAxLCA5OSw5IFN0YXViIHNhbW1lbHQg""","""MyBpbiAxLCA5OS45JSBkdXN0IGNvbGxlY3Rz"""
de-DE,92,"""RWluIEdlcsOkdCBmw7xyIGFsbGUgQXVmZ2FiZW4gaW0gQmVyZWljaCBTYXVnZW4=""","""QSBkZXZpY2UgZm9yIGFsbCB0YXNrcyBpbiB0aGUgYXJlYSBvZiB2YWN1dW1pbmc="""
de-DE,93,"""RGFzIGljaCBkYXMgR2Vyw6R0IGhhYmVuIG3DtmNodGUg""","""VGhhdCBJIHdhbnQgdG8gaGF2ZSB0aGUgZGV2aWNl"""
de-DE,94,"""Z2Vrbmlja3RlciBTdGllbCBtaXQgV2FzY2hiw7xyc3Rl""","""QmVudCBzdGVtIHdpdGggYnJ1c2g="""
de-DE,95,"""ZWluIHN0YWJzYXVnZXIgZGVyIG1hcmtlIHJvd2VudGE=""","""YSBzdGljayB2YWN1dW0gY2xlYW5lciBvZiB0aGUgYnJhbmQgcm93ZW50YQ=="""
de-DE,96,"""RGVyIFJvd2VudGEgU3RhdWJzYXVnZXIgaXN0IHNlaHIgdmllbHNlaXRpZyB1bmQgbmljaHQgbnVyIGbDvHIgZGVuIEZ1c3Nib2RlbiBzb25kZXJuIGF1Y2ggZsO8ciBNw7ZiZWwgd2llIFNvZmEgZ2VlaWduZXQuIE1hbiBtdXNzIHNpY2ggbmljaHQgYsO8Y2tlbiAsIHdlaWwgZGVyIFN0YXVic2F1Z2VyIHNpY2ggZ3V0IGJlZGllbmVuIGzDpMOfdCAuIE1hbiBrb21tdCBhdWNoIGRhbWl0IHVudGVyIGRlbSBTb2ZhIHVuZCB6dW0gU2NobHXDnyBrYW5uIG1hbiBpaG4gYmVxdWVtIGF1ZmjDpG5nZW4=""","""VGhlIFJvd2VudGEgdmFjdXVtIGNsZWFuZXIgaXMgdmVyeSB2ZXJzYXRpbGUgYW5kIG5vdCBvbmx5IGZvciBmbG9vcnMgYnV0IGFsc28gZm9yIGZ1cm5pdHVyZSBsaWtlIHNvZmEgc3VpdGFibGUuIFlvdSBkb24ndCBoYXZlIHRvIGJlbmQgZG93biwgYmVjYXVzZSB0aGUgdmFjdXVtIGNsZWFuZXIgY2FuIGJlIGVhc2lseSBvcGVyYXRlZC4gWW91IGNhbiBhbHNvIGdldCB1bmRlciB0aGUgc29mYSB3aXRoIGl0IGFuZCBmaW5hbGx5IHlvdSBjYW4gaGFuZyBpdCB1cCBjb252ZW5pZW50bHk="""
de-DE,97,"""Um93ZW50YSBQb3dlcmZ1bGw=""","""Um93ZW50YSBQb3dlcmZ1bGw="""
de-DE,98,"""U3RhdWJzYXVnZXIsIGRlciBhbGxlcyBncsO8bmRsaWNoIHJlaW5pZ3Qgw7xiZXJhbGw=""","""VmFjdXVtIGNsZWFuZXIgdGhhdCB0aG9yb3VnaGx5IGNsZWFucyBldmVyeXdoZXJl"""
de-DE,99,"""RGFzIFRlbXBvIC4uLi4uIHNvIHNjaG5lbGwsIGRhw58gaWNoIGVpZ2VudGxpY2ggZ2FyIG5pY2h0IG1pdGJla29tbWUsIHdvcnVtLCBnZW5hdSwgZXMgZ2VodC4uLi4u""","""VGhlIHRlbXBvIC4uLi4uIHNvIGZhc3QsIHRoYXQgSSBhY3R1YWxseSBkb24ndCByZWFsaXplIHdoYXQgZXhhY3RseSBpcyBnb2luZyBvbi4uLi4u"""
de-DE,100,"""RmxleGliZWwgYW53ZW5kYmFyLCBsZWljaHQsIGxhbmdlIExhdWZ6ZWl0IA==""","""RmxleGlibGUgYXBwbGljYXRpb24sIGxpZ2h0LCBsb25nIHJ1bnRpbWU="""
de-DE,101,"""RGVyIEh1bmQgdW50ZXIgZGVtIFNvZmE=""","""VGhlIGRvZyB1bmRlciB0aGUgc29mYQ=="""
de-DE,102,"""SHVuZGUgZnJldW5kbGljaCwgdW50ZXJzY2hpZWRsaWNoZSBBdWZzw6R0emUsIGthbm4gc2F1Z2VuIHNvd29obCBuYXNzd2lzY2hlbiA=""","""RG9nIGZyaWVuZGx5LCBkaWZmZXJlbnQgYXR0YWNobWVudHMsIGNhbiB2YWN1dW0gYW5kIHdldCB3aXBl"""
de-DE,103,"""dmFyaWFibGVzIFp1YmVow7ZyIHVuZCBkZXIgSHVuZCB1bnRlcm0gU29mYSA=""","""dmFyaWFibGUgYWNjZXNzb3JpZXMgYW5kIHRoZSBkb2cgdW5kZXIgdGhlIHNvZmE="""
de-DE,104,"""VmllbGUgaW50ZXJlc3NhbnRlIFJlaW5pZ3VuZ3NhdWZzw6R0emU=""","""TWFueSBpbnRlcmVzdGluZyBjbGVhbmluZyBhdHRhY2htZW50cw=="""
de-DE,105,"""Um93ZW50YQpXZWNoc2VsZ2Vyw6R0ZSBSZWluaWd1bmc=""","""Um93ZW50YSBDaGFuZ2UgZGV2aWNlcyBjbGVhbmluZw=="""
de-DE,106,"""RGllIFZpZWxmw6RsdGlna2VpdCBkZXMgR2Vyw6R0cw==""","""VGhlIHZlcnNhdGlsaXR5IG9mIHRoZSBkZXZpY2U="""
de-DE,107,"""RGVyIFN0YXVic2F1Z2VyIGhhdCB1bnRlcnNjaGllZGxpY2hlIEF1ZnPDpHR6ZSB1bmQgaXN0IGtuaWNrYmFyLiA=""","""VGhlIHZhY3V1bSBjbGVhbmVyIGhhcyBkaWZmZXJlbnQgYXR0YWNobWVudHMgYW5kIGlzIGJlbmRhYmxlLg=="""
de-DE,108,"""U2VociBtb2Rlcm4=""","""VmVyeSBtb2Rlcm4="""
de-DE,109,"""MiBpbiAxLCBzZWhyIGxlaWNodCwgZ3V0IHp1IGjDpG5kZWxuLCA=""","""MiBpbiAxLCB2ZXJ5IGxpZ2h0LCBlYXN5IHRvIGhhbmRsZSw="""
de-DE,110,"""U3RhdWJzYXVnZXIgbWl0IHZpZWxlbiBFaWdlbnNjaGFmdGVu""","""VmFjdXVtIGNsZWFuZXIgd2l0aCBtYW55IGZlYXR1cmVz"""
de-DE,111,"""Um93ZXRhIFN0YXVic2F1Z2VyLCBsZWlzdHVuZ3NzdGFyaywgZsO8ciB2ZXJzY2hpZWRlbmUgQsO2ZGVuIA==""","""Um93ZXRhIHZhY3V1bSBjbGVhbmVyLCBwb3dlcmZ1bCwgZm9yIGRpZmZlcmVudCBmbG9vcnM="""
de-DE,112,"""RWluIG5ldWVyIFNhdWdlci4gVm9uIFJvd2VudGE=""","""QSBuZXcgdmFjdXVtIGNsZWFuZXIuIEZyb20gUm93ZW50YQ=="""
de-DE,113,"""RGllIHZpZWxlbiBhdWZnZWbDvGhydGVuIFZvcnRlaWxl""","""VGhlIG1hbnkgbGlzdGVkIGFkdmFudGFnZXM="""
de-DE,114,"""c3RhcmsgLCB3ZW5kaWcgLCBSb3dlbnRhIGbDvHIgYWxsZSBBcnQgdm9uIELDtmRlbiAsIHdlbm4gZGFzIHNvIGlzdCB3aWUgZ2V6ZWlndCBhbGxlcyBzdXBlcg==""","""c3Ryb25nLCBhZ2lsZSwgUm93ZW50YSBmb3IgYWxsIHR5cGVzIG9mIGZsb29ycywgaWYgaXQgd29ya3MgYXMgc2hvd24gZXZlcnl0aGluZyBpcyBncmVhdA=="""
de-DE,115,"""TWl0IFdhc3NlciBnaWJ0IFNjaG11dHoga2VpbmUgQ2hhbmNlLg==""","""RGlydCBoYXMgbm8gY2hhbmNlIHdpdGggd2F0ZXIu"""
de-DE,116,"""VmllbHNlaXRpZyBlaW5zZXR6YmFyZXMsIGxlaXN0dW5nc3N0YXJrZXMgUHJvZHVrdA==""","""VmVyc2F0aWxlLCBoaWdoLXBlcmZvcm1hbmNlIHByb2R1Y3Q="""
de-DE,117,"""RGllIHZlcnNjaGllZGVuZW4gQXVmc8OkdHplIHVuZCBkYWR1cmNoIHNlaHIgZmxleGlibGUgRWluc2F0em3DtmdsaWNoa2VpdA==""","""VGhlIGRpZmZlcmVudCBhdHRhY2htZW50cyBhbmQgdGh1cyB2ZXJ5IGZsZXhpYmxlIGFwcGxpY2F0aW9uIHBvc3NpYmlsaXRpZXM="""
de-DE,118,"""Um93ZW50YSBTdGF1YnNhdWdlciBzZWhyIGVmZmVrdGl2LCBtaXQgTGljaHQsIGZsZXhpYmVsLCBob2hlIExlaXN0dW5nLCB2aWVsIEFra3UsIGhlcmdlc3RlbGx0IGluIEZyYW5rcmVpY2g=""","""Um93ZW50YSB2YWN1dW0gY2xlYW5lciB2ZXJ5IGVmZmVjdGl2ZSwgd2l0aCBsaWdodCwgZmxleGlibGUsIGhpZ2ggcGVyZm9ybWFuY2UsIGxvbmcgYmF0dGVyeSBsaWZlLCBtYWRlIGluIEZyYW5jZQ=="""
de-DE,119,"""RXMgZ2VodCB1bSBlaW5lbiBTdGF1YnNhdWdlciBkZXIgb2huZSBCZXV0ZWwgc2F1Z3QuIFVuZCBkYXp1IG5vY2ggd2lzY2hlbiBrYW5u""","""SXQncyBhYm91dCBhIHZhY3V1bSBjbGVhbmVyIHRoYXQgdmFjdXVtcyB3aXRob3V0IGEgYmFnLiBBbmQgaXQgY2FuIGFsc28gbW9w"""
de-DE,120,"""RGllIExlaWNodGlna2VpdCBtaXQgZGVtIFN0YXVic2F1Z2VyIHp1IHNhdWdlbiB1bmQgd2lzY2hlbiA=""","""VGhlIGVhc2Ugb2YgdmFjdXVtaW5nIGFuZCBtb3BwaW5nIHdpdGggdGhlIHZhY3V1bSBjbGVhbmVy"""
de-DE,121,"""U2VociBndXRlcyBTYXViZXIgbcO2Z2xpY2g=""","""VmVyeSBnb29kIGNsZWFuaW5nIHBvc3NpYmxl"""
de-DE,122,"""c2llaHQga2xhc3NlIGF1cw==""","""bG9va3MgZ3JlYXQ="""
de-DE,123,"""RGVyIEh1bmQgOi0pIFNwYcOfIGJlaXNlaXRlLCBkYXMgVmlkZW8gdmVybWl0dGVsdCBzZWhyIGd1dCBkaWUgdmllbGbDpGx0aWdlbiBFaW5zYXR6bcO2Z2xpY2hrZWl0ZW4gdW5kIFZvcnRlaWxlIGRlcyBQcm9kdWt0cywgc2VociBpbmZvcm1hdGl2LCB3aXJrdCB6dWRlbSBjb29sLCBmcmlzY2gsIG1vZGVybiB1bmQgZHluYW1pc2No""","""VGhlIGRvZyA6LSkgSm9rZXMgYXNpZGUsIHRoZSB2aWRlbyB2ZXJ5IHdlbGwgY29udmV5cyB0aGUgdmVyc2F0aWxlIGFwcGxpY2F0aW9uIHBvc3NpYmlsaXRpZXMgYW5kIGFkdmFudGFnZXMgb2YgdGhlIHByb2R1Y3QsIHZlcnkgaW5mb3JtYXRpdmUsIGFsc28gbG9va3MgY29vbCwgZnJlc2gsIG1vZGVybiBhbmQgZHluYW1pYw=="""
de-DE,124,"""Um93ZW50YSBoYXQgZWluZW4gbmV1ZW4gU3RhdWJzYXVnZXI=""","""Um93ZW50YSBoYXMgYSBuZXcgdmFjdXVtIGNsZWFuZXI="""
de-DE,125,"""dmllbCB6dSBzY2huZWxsLCBtYW4ga29ubnRlIGthdW0gZm9sZ2Vu""","""d2F5IHRvbyBmYXN0LCB5b3UgY291bGQgaGFyZGx5IGZvbGxvdw=="""
de-DE,126,"""RmxleGlibGVyIGthYmVsbG9zZXIgU3RhdWJzYXVnZXIgYXVzIEZyYW5rcmVpY2g=""","""RmxleGlibGUgY29yZGxlc3MgdmFjdXVtIGNsZWFuZXIgZnJvbSBGcmFuY2U="""
de-DE,127,"""RGVyIEFuZmFuZyBlcmlubmVydGUgYW4gVHJvbi4gRXMgd2FyIGFsbGVzIHNlaHIgc2NobmVsbA==""","""VGhlIGJlZ2lubmluZyByZW1pbmRlZCBtZSBvZiBUcm9uLiBFdmVyeXRoaW5nIHdhcyB2ZXJ5IGZhc3Q="""
de-DE,128,"""U2F1Z2VuIHVuZCBOYXNzd2lzY2hlbiBtaXQgZWluZW0gR2Vyw6R0LCBrbmlja2JhcmVyIFN0YWIu""","""VmFjdXVtaW5nIGFuZCB3ZXQgbW9wcGluZyB3aXRoIG9uZSBkZXZpY2UsIGJlbmRhYmxlIHJvZC4="""
de-DE,129,"""VmllbGbDpGx0aWdlIEFud2VuZHVuZ3Ntw7ZnbGljaGtlaXRlbiwgIGF1dG9tYXRpc2NoZSBFcmtlbm51bmcgZGVzIFVudGVyZ3J1bmQgdW5kIEFucGFzc3VuZyBkZXIgR2VzY2h3aW5kaWdrZWl0IA==""","""VmVyc2F0aWxlIGFwcGxpY2F0aW9uIHBvc3NpYmlsaXRpZXMsIGF1dG9tYXRpYyByZWNvZ25pdGlvbiBvZiB0aGUgc3VyZmFjZSBhbmQgYWRqdXN0bWVudCBvZiB0aGUgc3BlZWQ="""
de-DE,130,"""bW9kZXJuLCBzYXVna3LDpGZ0aWc=""","""bW9kZXJuLCBwb3dlcmZ1bCBzdWN0aW9u"""
de-DE,131,"""RsO8ciB2aWVsZSBTdGF1YnNhdWdhbndlbmR1bmdlbg==""","""Rm9yIG1hbnkgdmFjdXVtIGFwcGxpY2F0aW9ucw=="""
de-DE,132,"""SWNoIGtvbW1lIG1pdCBkaWVzZW0gR2Vyw6R0IHVudGVyIGplZGVzIEJldHQgLCBUaXNjaCBvZGVyIFNvZmEgb2huZSBkYXMgaWNoIG1pY2ggYsO8Y2tlbiBtdXNzLg==""","""V2l0aCB0aGlzIGRldmljZSBJIGNhbiBnZXQgdW5kZXIgYW55IGJlZCwgdGFibGUgb3Igc29mYSB3aXRob3V0IGhhdmluZyB0byBiZW5kIGRvd24u"""
de-DE,133,"""ZGllIG11c2lr""","""dGhlIG11c2lj"""
de-DE,134,"""RGFzIEZsZXggUm9ociwgdW0gYXVjaCB1bnRlciBkZW0gU29mYSBzYXVnZW4genUga8O2bm5lbiB1bmQgZGllIHZlcnNjaGllZGVuZW4gQXVmc8OkdHplLCBhdWNoIHdpc2NoZXI=""","""VGhlIGZsZXhpYmxlIGhvc2UsIHRvIGFsc28gdmFjdXVtIHVuZGVyIHRoZSBzb2ZhIGFuZCB0aGUgZGlmZmVyZW50IGF0dGFjaG1lbnRzLCBhbHNvIHdpcGVy"""
de-DE,135,"""b3B0aWs=""","""b3B0aWNz"""
de-DE,136,"""RWluIFN0YXVic2F1Z2VyIGRlciBhbmdlYmxpY2ggYWxsZXMga2Fubg==""","""QSB2YWN1dW0gY2xlYW5lciB0aGF0IHN1cHBvc2VkbHkgY2FuIGRvIGV2ZXJ5dGhpbmc="""
de-DE,137,"""RmxleGliZWwg""","""RmxleGlibGU="""
de-DE,138,"""ZsO8ciBhbGxlIELDtmRlbiBnZWVpZ25ldA==""","""c3VpdGFibGUgZm9yIGFsbCBmbG9vcnM="""
de-DE,139,"""U3RhdWJzYXVnZXJ3ZXJidW5n""","""VmFjdXVtIGNsZWFuZXIgYWR2ZXJ0aXNlbWVudA=="""
de-DE,140,"""CkVpbiBrcsOkZnRpZ2VyIHVuZCBncsO8bmRsaWNoZXIgU3RhdWJzYXVnZXIuIFplaWd0IHdpZSBzaWNoIFBvbHN0ZXIgbcO8aGVsb3MgdW5kIHByb2JsZW1sb3MsIHZvciBhbGxlbSBzY2huZWxsLCBhYnNhdWdlbiBsYXNzZW4uIERlciBIdW5kIGFtIEVuZGUuIA==""","""QSBwb3dlcmZ1bCBhbmQgdGhvcm91Z2ggdmFjdXVtIGNsZWFuZXIuIFNob3dzIGhvdyB1cGhvbHN0ZXJ5IGNhbiBiZSB2YWN1dW1lZCBlZmZvcnRsZXNzbHkgYW5kIHByb2JsZW0tZnJlZSwgYWJvdmUgYWxsIHF1aWNrbHkuIFRoZSBkb2cgYXQgdGhlIGVuZC4="""
de-DE,141,"""RWluIHRvbGxlciBIYW5kc3RhdWJzYXVnZXIgZGVuIGljaCBnZXJuZSB0ZXN0ZW4gdW5kIGJlc2l0emVuIHfDvHJkZSA=""","""QSBncmVhdCBoYW5kaGVsZCB2YWN1dW0gY2xlYW5lciB0aGF0IEkgd291bGQgbGlrZSB0byB0ZXN0IGFuZCBvd24="""
de-DE,142,"""RGllIE11c2lrIGxlbmt0ZSBtaWNoIHNlaHIgYWIsIGFiZXIgd2VsY2hlIHZlcnNjaGllZGVuZW4gQXVmc8OkdHplIGdlbnV0enQgd2VyZGVuIGvDtm5uZW4gd2FyIHNlaHIgYmVlaW5kcnVja2VuZCwgdi5hIGRhcyBFbnRmZXJuZW4gZGVyIEh1bmRlaGFhcmUgYXVmIGRlbSBTb2Zh""","""VGhlIG11c2ljIGRpc3RyYWN0ZWQgbWUgYSBsb3QsIGJ1dCBob3cgZGlmZmVyZW50IGF0dGFjaG1lbnRzIGNhbiBiZSB1c2VkIHdhcyB2ZXJ5IGltcHJlc3NpdmUsIGVzcGVjaWFsbHkgcmVtb3ZpbmcgZG9nIGhhaXIgZnJvbSB0aGUgc29mYQ=="""
de-DE,143,"""Um93ZW50YSBJbnRlbGxpZ2VudCBjbGVhbmluZwpTYXVnZXIgbWl0IHZpZWxlbiBGdW5rdGlvbmVuLCB1bWJhdWJhciB6dSBIYW5kc3RhdWJzYXVnZXIsIFBvbHN0ZXJiw7xyc3RlLg==""","""Um93ZW50YSBJbnRlbGxpZ2VudCBjbGVhbmluZyBWYWN1dW0gY2xlYW5lciB3aXRoIG1hbnkgZnVuY3Rpb25zLCBjb252ZXJ0aWJsZSB0byBoYW5kaGVsZCB2YWN1dW0gY2xlYW5lciwgdXBob2xzdGVyeSBicnVzaC4="""
de-DE,144,"""U3RhcmtlciwgYXV0b25vbWVuLCBpbnRlbGxpZ2VudGVyIFNhdWd3aXNjaGVyIG1pdCBLbmlja2dlbGVuaw==""","""UG93ZXJmdWwsIGF1dG9ub21vdXMsIGludGVsbGlnZW50IHN3ZWVwaW5nIG1vcCB3aXRoIGhpbmdl"""
de-DE,145,"""RGFzIG1hbiBkYXMgR2Vyw6R0IGF1Y2ggYWxzIEhhbmRzYXVnZXIgYmVudXR6ZW4ga2Fubi4=""","""VGhhdCB0aGUgZGV2aWNlIGNhbiBhbHNvIGJlIHVzZWQgYXMgYSBoYW5kaGVsZCB2YWN1dW0u"""
de-DE,146,"""RGllIFZpZWxzZWl0aWdlIE51dHp1bmcgdW5kIGRhcyB1bWZhbmdyZWljaGUgWnViZWjDtnI=""","""VGhlIHZlcnNhdGlsZSB1c2UgYW5kIHRoZSBjb21wcmVoZW5zaXZlIGFjY2Vzc29yaWVz"""
de-DE,147,"""4oCTIFNFSFIgbGF1dCEgKGhhYmUgZGVuIFRleHQga2F1bSB3YWhyZ2Vub21tZW4pLgrigJMgU3BpZWx0ZSB3aWUgZWluIFlvdVR1YmUgVmlkZW8gYWIsIGQuaC4gYWxsZSAyMHMga2FtIGVpbmUgUGF1c2UsIHVtIGRpZSBuw6RjaHN0ZW4gMjBzIGhlcnVudGVyenVsYWRlbi4K4oCTIEluIG1laW5lciBXb2hudW5nIGlzdCB3aXJrbGljaCB6dSB3ZW5pZyBUZXBwaWNoLUZsw6RjaGUsIGbDvHIgc28gZWluIEdlcsOkdC4K4oCTIEFsbGVyZGluZ3M6IFdhcnVtIGVpbiBSb3dlbnRhIGthdWZlbiwgd2VubiBlcyBEeXNvbiBnaWJ0Pw==""","""LSBWRVJZIGxvdWQhIChJIGNvdWxkIGhhcmRseSB1bmRlcnN0YW5kIHRoZSB0ZXh0KS4KLSBJdCBwbGF5ZWQgbGlrZSBhIFlvdVR1YmUgdmlkZW8sIGkuZS4gdGhlcmUgd2FzIGEgcGF1c2UgZXZlcnkgMjBzIHRvIGRvd25sb2FkIHRoZSBuZXh0IDIwcy4KLSBUaGVyZSBpcyByZWFsbHkgdG9vIGxpdHRsZSBjYXJwZXQgYXJlYSBpbiBteSBhcGFydG1lbnQgZm9yIHN1Y2ggYSBkZXZpY2UuCi0gSG93ZXZlcjogV2h5IGJ1eSBSb3dlbnRhIHdoZW4gdGhlcmUgaXMgRHlzb24/"""
de-DE,148,"""UG93ZXI=""","""UG93ZXI="""
de-DE,149,"""REFzIGVyIHZpZWxlIEZ1bmt0aW9uZW4gaGF0IHVuZCBkaWUgTnVtbWVyIDEgaW4gRnJhbmtyZWljaCBpc3Q=""","""SXQgaGFzIG1hbnkgZnVuY3Rpb25zIGFuZCBpcyBudW1iZXIgMSBpbiBGcmFuY2U="""
de-DE,150,"""RGllIHZlcnNjaGllZGVuZW4gTcO2Z2xpY2hrZWl0ZW4sIGRpZSBkYXMgUHJvZHVrdCBiaWV0ZXQgdW5kIGRhcyBzY2jDtm5lIERlc2lnbiBkZXMgUHJvZHVrdHMuIFp1ZGVtIGlzdCBtaXIgZGVyIGF1dG9tYXRpc2NoZSBNb2R1cyBwb3NpdGl2IGF1ZmdlZmFsbGVuLiBEYXMgUHJvZHVrdCBlcmtlbm50IGRlbiBqZXdlaWxpZ2VuIEJvZGVuIHVuZCBrYW5uIGRpZSBCw7xyc3RlIHNvIGFucGFzc2VuLCBkYXNzIHNpZSBvcHRpbWFsIHBhc3N0LiAg""","""VGhlIGRpZmZlcmVudCBwb3NzaWJpbGl0aWVzIHRoYXQgdGhlIHByb2R1Y3Qgb2ZmZXJzIGFuZCB0aGUgYmVhdXRpZnVsIGRlc2lnbiBvZiB0aGUgcHJvZHVjdC4gSSBhbHNvIGxpa2VkIHRoZSBhdXRvbWF0aWMgbW9kZS4gVGhlIHByb2R1Y3QgcmVjb2duaXplcyB0aGUgcmVzcGVjdGl2ZSBmbG9vciBhbmQgY2FuIGFkanVzdCB0aGUgYnJ1c2ggc28gdGhhdCBpdCBmaXRzIG9wdGltYWxseS4="""
de-DE,151,"""RGFzIG1hbiBkZW4gU2F1Z2VyIHVtYmF1ZW4ga2FubiBtaXQgbWVocmVyZW4gTcO2Z2xpY2hrZWl0ZW4uIFNvIGJlbsO2dGlndCBtYW4gbnVyIGVpbmVuIFNhdWdlciBmw7xyIGFsbGVzIA==""","""VGhhdCB5b3UgY2FuIGNvbnZlcnQgdGhlIHZhY3V1bSBjbGVhbmVyIHdpdGggbW9yZSBwb3NzaWJpbGl0aWVzLiBTbyB5b3Ugb25seSBuZWVkIG9uZSB2YWN1dW0gY2xlYW5lciBmb3IgZXZlcnl0aGluZw=="""
de-DE,152,"""U2VociB1bnJ1aGlnZSBXZXJidW5nLCBzb2xsdGUgd29obCBkaWUgTGVpY2h0aWdrZWl0IGRva3VtZW50aWVyZW4sIHdhciBtaXIgYWJlciB6dSBoZWt0aXNjaC4=""","""VmVyeSByZXN0bGVzcyBhZHZlcnRpc2luZywgd2FzIHN1cHBvc2VkIHRvIGRvY3VtZW50IHRoZSBlYXNlLCBidXQgaXQgd2FzIHRvbyBoZWN0aWMgZm9yIG1lLg=="""
de-DE,153,"""RWluIGtsZWluZXIsIGxlaWNodGVyIEFsbGVza8O2bm5lcg==""","""QSBzbWFsbCwgbGlnaHQgYWxsLXJvdW5kZXI="""
de-DE,158,"""c21hcnRlcyBQcm9kdWt0""","""c21hcnQgcHJvZHVjdA=="""
de-DE,162,"""RGVyIFNhdWdlciBpc3Qgc2VociBzYXVnc3RhcmsgdW5kIHNlaHIgZmxleGliZWwgaW4gZGVyIEFud2VuZHVuZw==""","""VGhlIHZhY3V1bSBjbGVhbmVyIGlzIHZlcnkgcG93ZXJmdWwgYW5kIHZlcnkgZmxleGlibGUgaW4gYXBwbGljYXRpb24="""
de-DE,171,"""Um93ZW50YSBTdGF1YnNhdWdlcg==""","""Um93ZW50YSB2YWN1dW0gY2xlYW5lcg=="""
de-DE,174,"""SGFuZGxpY2gsIG1vZGVybiwgQWtrdSwgdmllbHNlaXRpZyA=""","""SGFuZHksIG1vZGVybiwgYmF0dGVyeSwgdmVyc2F0aWxl"""
de-DE,175,"""RGVyIEh1bmQ=""","""VGhlIGRvZw=="""
de-DE,176,"""U3RhdWJzYXVnZXIg""","""VmFjdXVtIGNsZWFuZXI="""
de-DE,177,"""Um93ZW50YSBTdGF1YnNhdWdlciBkZXIgdmllbGVzIGthbm4gdW5kIHNlaHIgc2F1Z3N0YXJrIGlzdC4=""","""Um93ZW50YSB2YWN1dW0gY2xlYW5lciB0aGF0IGNhbiBkbyBhIGxvdCBhbmQgaXMgdmVyeSBwb3dlcmZ1bA=="""
de-DE,178,"""ZGllIEZvcm0gZGVzIEdlcsOkdHM=""","""dGhlIHNoYXBlIG9mIHRoZSBkZXZpY2U="""
de-DE,180,"""RGVyIEh1bmQgdW50ZXJtIFNvZmEg""","""VGhlIGRvZyB1bmRlciB0aGUgc29mYQ=="""
de-DE,181,"""cmVpbmlnZW5kIDk5LDklIGJha3RlcmllbiB2ZXJuaWNodGVuZCB0cm9ja2VuIG5hc3NyZWluaWdlbmQ=""","""Y2xlYW5pbmcgOTkuOSUgYmFjdGVyaWEgZGVzdHJveWluZyBkcnkgd2V0IGNsZWFuaW5n"""
de-DE,183,"""VmllbGbDpGx0aWdlIE3DtmdsaWNoa2VpdGVuIA==""","""VmVyc2F0aWxlIHBvc3NpYmlsaXRpZXM="""
de-DE,185,"""RmxleGlibGVyIEVpbnNhdHogCkJlc29uZGVycyBndXQgYXVmIFRlcHBpY2gg""","""RmxleGlibGUgdXNlClBhcnRpY3VsYXJseSBnb29kIG9uIGNhcnBldA=="""
de-DE,186,"""RWluIG5ldWVyIFN0YXVic2F1Z2VyLCBzZWhyIHdlbmRpZywgaG9oZSBMYXVmbGVpc3R1bmcg""","""QSBuZXcgdmFjdXVtIGNsZWFuZXIsIHZlcnkgbWFuZXV2ZXJhYmxlLCBoaWdoIHJ1bnRpbWU="""
de-DE,188,"""RWluIFN0YXVic2F1Z2VyIHZvbiBSb3dlbnRhLCBkZXIgZWluZSBzZWhyIGd1dGUgU2F1Z2xlaXN0dW5nIGhhdCwgYXVjaCBndXQgZsO8ciBFbnRmZXJudW5nIHZvbiBUaWVyaGFhcmVuLg==""","""QSBSb3dlbnRhIHZhY3V1bSBjbGVhbmVyIHRoYXQgaGFzIGEgdmVyeSBnb29kIHN1Y3Rpb24gcG93ZXIsIGFsc28gZ29vZCBmb3IgcmVtb3ZhbCBvZiBwZXQgaGFpci4="""
de-DE,189,"""ZGllIHZlcnNjaGllZGVuZW4gQsO8cnN0ZW4gdW5kIGRhcyBBYmtuaWNrZW4gZGVzIFN0aWVscw==""","""dGhlIHZhcmlvdXMgYnJ1c2hlcyBhbmQgdGhlIGJlbmRpbmcgb2YgdGhlIHdhbmQ="""
de-DE,192,"""RGFzIHNjaMO2bmUgRGVzaWduIHVuZCBkZXIgRWNvbW9kdXM=""","""VGhlIGJlYXV0aWZ1bCBkZXNpZ24gYW5kIHRoZSBlY29tb2Rl"""
de-DE,195,"""RGVyIEh1bmQgdW5kIGRlciBIYW5kIFN0YXVic2F1Z2VyIHZvbiBSb3dlbnRh""","""VGhlIGRvZyBhbmQgdGhlIGhhbmQgdmFjdXVtIGNsZWFuZXIgZnJvbSBSb3dlbnRh"""
de-DE,196,"""Um92ZW50YSBTdGF1YnNhdWdlciA=""","""Um92ZW50YSB2YWN1dW0gY2xlYW5lcg=="""
de-DE,197,"""RGllIFZpZWxmw6RsdGlnZW4gVmVyd2VuZHVuZ3Ntw7ZnbGljaGtlaXRlbiBkZXMgU3RhdWJzYXVnZXJzIA==""","""VGhlIHZlcnNhdGlsZSB1c2VzIG9mIHRoZSB2YWN1dW0gY2xlYW5lcg=="""
de-DE,199,"""RGFzIGVzIGVpbiBBa2t1c3RhdWJzYXVnZXIgdm9uIFJvd2VudGEgaXN0IG1pdCB2ZXJzY2hpZWRlbmVuIFp1YmVow7ZydGVpbGVuLg==""","""VGhhdCBpdCBpcyBhIGNvcmRsZXNzIHZhY3V1bSBjbGVhbmVyIGZyb20gUm93ZW50YSB3aXRoIGRpZmZlcmVudCBhY2Nlc3NvcnkgcGFydHMu"""
de-DE,200,"""c2F1Z3N0YXJrLCBhdXN0YXVzY2hiYXJlciBBa2t1""","""cG93ZXJmdWwgc3VjdGlvbiwgcmVwbGFjZWFibGUgYmF0dGVyeQ=="""
de-DE,202,"""QWtrdS1TYXVnZXIgbW90IG1laHJlcmVuIEZ1bmt0aW9uZW4g""","""Q29yZGxlc3MgdmFjdXVtIGNsZWFuZXIgd2l0aCBzZXZlcmFsIGZ1bmN0aW9ucw=="""
de-DE,203,"""ZGVyIGh1bmQ=""","""dGhlIGRvZw=="""
de-DE,204,"""bXVzaWs=""","""bXVzaWM="""
de-DE,205,"""RGllIFdpcmt1bmcgZGF2b24=""","""VGhlIGVmZmVjdCBvZiBpdA=="""
de-DE,206,"""c2VociBndXRlIEJpbGRlciwgZGllIHplaWdlbiwgd2FzIGRlciBuZXVlIFN0YXVic2F1Z2VyIGFsbGVzIGthbm4=""","""VmVyeSBnb29kIHBpY3R1cmVzIHRoYXQgc2hvdyBldmVyeXRoaW5nIHRoZSBuZXcgdmFjdXVtIGNsZWFuZXIgY2FuIGRv"""
de-DE,207,"""U3RhdWJzYXVlciBkZXIgYXVjaCB3aXNjaHQg""","""VmFjdXVtIGNsZWFuZXIgdGhhdCBhbHNvIHdpcGVz"""
de-DE,208,"""VG9sbGVzIFByb2R1a3QgZ3V0ZXIgQW5iaWV0ZXIgd8O8cmRlIGljaCBnZXJuZSB3ZWl0ZXIgZW1wZmVobGVuLg==""","""R3JlYXQgcHJvZHVjdCBnb29kIHByb3ZpZGVyIEkgd291bGQgZ2xhZGx5IGNvbnRpbnVlIHRvIHJlY29tbWVuZC4="""
de-DE,209,"""TGF1dGUgTXVzaWsgdW5kIHZpZWwgRHJlY2s=""","""TG91ZCBtdXNpYyBhbmQgbG90cyBvZiBkaXJ0"""
de-DE,210,"""ZWluIFJlaW5pZ3VuZ3NnZXLDpHQgIGbDvHIgMyB2ZXJzY2hpZWRlbmEgVW50ZXJsYWdlbi4gdm9uIFJvd2VudGEuIFNlaHIgbGVpY2h0LiBha2t1IGbDvHIgMSBTdHVuZGU=""","""YSBjbGVhbmluZyBkZXZpY2UgZm9yIDMgZGlmZmVyZW50IHN1cmZhY2VzLiBmcm9tIFJvd2VudGEuIFZlcnkgbGlnaHQuIGJhdHRlcnkgZm9yIDEgaG91cg=="""
de-DE,211,"""ZmxleGliZWwsIGxhbmdlIGxhdWZ6ZWl0LCBob2hlIHNhdWdrcmFmdA==""","""ZmxleGlibGUsIGxvbmcgcnVudGltZSwgaGlnaCBzdWN0aW9uIHBvd2Vy"""
de-DE,212,"""YWtrdXNhdWdlciB2b24gcm93ZW50YSwgaGVyZ2VzdGVsbHQgaW4gZnJhbmtyZWljaA==""","""Um93ZW50YSBjb3JkbGVzcyB2YWN1dW0gY2xlYW5lciwgbWFkZSBpbiBGcmFuY2U="""
de-DE,213,"""U3RhdWJzYXVnZXIg""","""VmFjdXVtIGNsZWFuZXI="""
de-DE,214,"""RGVyIFJvd2VudGEgUG93ZXJmdWwgVmFjdXVtaW5nICYgQWN0aXZlIFdhc2hpbmcsIEtyYWZ0dm9sbGVzIFNhdWdlbiB1bmQgUmVpbmlnZW4gYXVmIGFsbGVuIEJlbMOkZ2VuLCB2aWVsc2VpdGlnZXMgWnViZWjDtnIsIExlaXN0dW5nc3N0YXJrZXIgQUtLVS4=""","""VGhlIFJvd2VudGEgUG93ZXJmdWwgVmFjdXVtaW5nICYgQWN0aXZlIFdhc2hpbmcsIFBvd2VyZnVsIFZhY3V1bWluZyBhbmQgQ2xlYW5pbmcgb24gYWxsIFN1cmZhY2VzLCBWZXJzYXRpbGUgQWNjZXNzb3JpZXMsIFBvd2VyZnVsIEJBVFRFUlku"""
de-DE,215,"""aG9oZSBTYXVna3JhZnQsIG5pbW10IGF1Y2ggVGllcmhhYXJlIG1pdCwgZ3V0IHp1IHZlcnN0YXVlbiwgZWluZmFjaGUgSGFuZGhhYnVuZw==""","""aGlnaCBzdWN0aW9uIHBvd2VyLCBhbHNvIHRha2VzIHBldCBoYWlyLCBlYXN5IHRvIHN0b3JlLCBlYXN5IGhhbmRsaW5n"""
de-DE,216,"""ZGllIHZpZWxmYWNoZSBNw7ZnbGljaGtlaXQgZGFzIEdlcsOkdCB6dSB0ZWlsZW4sIHVuZCBkYXMgTGljaHQgdm9ybmU=""","""dGhlIG11bHRpcGxlIHBvc3NpYmlsaXR5IHRvIGRpdmlkZSB0aGUgZGV2aWNlLCBhbmQgdGhlIGxpZ2h0IGluIGZyb250"""
de-DE,217,"""U2llaHQgU3R5bGlzaCBhdXMgdW5kIGtvbm50ZSBzb2dhciBTcGHDnyBtYWNoZW4gOi0pIA==""","""TG9va3MgU3R5bGlzaCBhbmQgY291bGQgZXZlbiBiZSBmdW4gOi0p"""
de-DE,218,"""RsO8ciBkaWUgw5ZmZmVudGxpY2hrZWl0cy1BcmJlaXQgaXN0IGRlciBkZXV0c2NoZSBNYXJrdCB3b2hsIGtlaW5lIGdsZWljaGxhdXRlbmRlIFNwcmFjaG51dHp1bmcgd2VydCwgbGVkZWdsaWNoIFVudGVyLVRpdGVsdW5nLg==""","""Rm9yIHB1YmxpYyByZWxhdGlvbnMgd29yaywgdGhlIEdlcm1hbiBtYXJrZXQgaXMgcHJvYmFibHkgbm90IHdvcnRoIGFuIGlkZW50aWNhbCBsYW5ndWFnZSB1c2FnZSwgbWVyZWx5IHN1YnRpdGxpbmcu"""
de-DE,219,"""RWluIFN0YXVic2F1Z2VyIGRlciBzdWd0IHVuZCBhdWNoIHdpc2NodCBhbHNadXNhdHogc2F1Z3QgZXIgYXVjaCBNw7ZiZWwgYWI=""","""QSB2YWN1dW0gY2xlYW5lciB0aGF0IHN1Y2tzIGFuZCBhbHNvIHdpcGVzIGFzIGFuIGFkZGl0aW9uIGl0IGFsc28gdmFjdXVtcyBmdXJuaXR1cmU="""
de-DE,220,"""ZXMgaGVidCBhYnNvbHV0IGRpZSBWb3J0ZWlsZSBkZXMgU2F1Z2VycyBoZXJ2b3IsIG1vZGVybiwgc2VociBhbnNwcmVjaGVuZA==""","""aXQgYWJzb2x1dGVseSBlbXBoYXNpemVzIHRoZSBhZHZhbnRhZ2VzIG9mIHRoZSB2YWN1dW0gY2xlYW5lciwgbW9kZXJuLCB2ZXJ5IGFwcGVhbGluZw=="""
de-DE,221,"""U3RhdWJzYXVnZXIgUm93ZW50YQ==""","""Um93ZW50YSB2YWN1dW0gY2xlYW5lcg=="""
de-DE,222,"""RGllIE11c2lr""","""VGhlIG11c2lj"""
de-DE,223,"""RGFzIGVzIGbDvHIgVGllcmUgaXN0""","""VGhhdCBpdCBpcyBmb3IgcGV0cw=="""
de-DE,224,"""c3RhdWJzdGF1Z2VyIGhhbmRiZXRyaWViIHZpZWwgenViZWjDtnI=""","""aGFuZGhlbGQgdmFjdXVtIGNsZWFuZXIgbG90cyBvZiBhY2Nlc3Nvcmllcw=="""
de-DE,225,"""RWluIGxlaXN0dW5nc3N0YXJrZXIgQWtrdS1TYXVnZXIsIGRlciBzb3dvaGwgbmFzcyBhbHMgYXVjaCB0cm9ja2VuIHNhdWd0LiBIb2hlIFNhdWdrcmFmdCwgYmlzIHp1IDk5JSBTdGF1YmVudGZmZXJudW5nLiAxLDYga2cgc2Nod2VyLCBvaG5lIFp1YmVow7Zy""","""QSBwb3dlcmZ1bCBjb3JkbGVzcyB2YWN1dW0gY2xlYW5lciB0aGF0IHZhY3V1bXMgYm90aCB3ZXQgYW5kIGRyeS4gSGlnaCBzdWN0aW9uIHBvd2VyLCB1cCB0byA5OSUgZHVzdCByZW1vdmFsLiAxLjYga2cgd2VpZ2h0LCB3aXRob3V0IGFjY2Vzc29yaWVz"""
de-DE,226,"""ZGFzIGVzIHVtIGVpbmVuIG5ldWVuIFN0YXVic2F1Z2VyIHZvbiBSb3dlbnRhIGdpYnQg""","""dGhhdCBpdCBpcyBhYm91dCBhIG5ldyB2YWN1dW0gY2xlYW5lciBmcm9tIFJvd2VudGE="""
de-DE,227,"""VE9EQVkgTUVOIEFDVElWRSA1MDAgTUw=""","""VE9EQVkgTUVOIEFDVElWRSA1MDAgTUw="""
de-DE,228,"""cm93ZW50YQ==""","""Um93ZW50YQ=="""
de-DE,229,"""SWNoIGJpbiBmYXN6aW5pZXJ0IHZvbiBkZXIgaW5ub3ZhdGl2ZW4gMiB1bmQgMSBUZWNobmlrICxkaWUgcGVyZmVrdGUgUmVpbmlnc2VyZ2Vibmlzc2UgaW0gZ2VzYW10ZW4gSGF1c2hhbHQgZ2FyYW50aWVydCAu""","""SSBhbSBmYXNjaW5hdGVkIGJ5IHRoZSBpbm5vdmF0aXZlIDIgaW4gMSB0ZWNobm9sb2d5LCB3aGljaCBndWFyYW50ZWVzIHBlcmZlY3QgY2xlYW5pbmcgcmVzdWx0cyB0aHJvdWdob3V0IHRoZSBob3VzZWhvbGQu"""
de-DE,230,"""RGllIE11c2lr""","""VGhlIG11c2lj"""
de-DE,231,"""U3RhdWJzYXVnZW4=""","""VmFjdXVtaW5n"""
de-DE,232,"""UmF2ZW5uYSBzdGF1YnNhdWdlciBtaXQgb3V0c3RhbmRpbmcgY2xlYW5pbmcgYnJ1c2g=""","""UmF2ZW5uYSB2YWN1dW0gY2xlYW5lciB3aXRoIG91dHN0YW5kaW5nIGNsZWFuaW5nIGJydXNo"""
de-DE,233,"""aHVuZA==""","""ZG9n"""
de-DE,234,"""RGFzIGVzIGVpbiBsZWljaHRlciB1bmQgbGVpc3R1bmdzc3RhcmtlciByb3dlbnRhIFNhdWdlciBpc3QuIElubm92YXRpdiBpbiBkZXIgTGVpc3R1bmcgdW5kIFBlcmZvcm1hbmNlIA==""","""VGhhdCBpdCBpcyBhIGxpZ2h0IGFuZCBwb3dlcmZ1bCBSb3dlbnRhIHZhY3V1bSBjbGVhbmVyLiBJbm5vdmF0aXZlIGluIHBlcmZvcm1hbmNlIGFuZCBwZXJmb3JtYW5jZQ=="""
de-DE,235,"""ZGFzIHByb2R1a3Qgc2VsYmVy""","""dGhlIHByb2R1Y3QgaXRzZWxm"""
de-DE,236,"""TWlyIGlzdCBhbSBtZWlzdGVuIGluIEVyaW5uZXJ1bmcgZ2VibGllYmVuLCBkYXNzIGluIGRlbSBWaWRlbyBzZWhyIGd1dC4gRGllIFZvcnRlaWxlLCBkaWUgaWNoIGR1cmNoIGRpZXNlcyBQcm9kdWt0IGhhYmUgZGFyZ2VzdGVsbHQgd3VyZGVuLiBEYXMgVmlkZW8gaXN0IGphIHRlbXBvcmVpY2ggdW5kIHdpcmt0IHNvbWl0IHNwYW5uZW5kIHVuZCBuaWNodCBsYW5nd2VpbGlnLiBEYXMgUHJvZHVrdCB3dXJkZSBpbiBhbnNwcmVjaGVuZGVuIEZhcmJlbiB1bmQgaW4gc2VpbmUgZ2VzYW10ZW4gRnVua3Rpb25zd2Vpc2Ugdm9yZ2VzdGVsbHQuIFdpciBoYWJlbiBiZXNvbmRlcnMgZGllIHNjaG5lbGxlbiBTY2huaXR0ZSBnZWZhbGxlbi4gRGFkdXJjaCB3aXJrdCBkYXMgVmlkZW8gc2VociBha3Rpb25zcmVpY2ggdW5kIGFuZGVycyBhbHMgYW5kZXJlIHByb2R1a3R2aWRlb3MuIEVzIG1hY2h0IGFsc28gZWluZW4gdW5oZWltbGljaCBncm9zc2VuIFVudGVyc2NoaWVkIGltIFZlcmdsZWljaCB6dSBrb25rdXJyZW56cHJvZHVrdGVuLiBXYXMgaWNoIGRhbWl0IHNhZ2VuIHdpbGwsIGRhc3MgaWNoIGRhcyBQcm9kdWt0IGR1cmNoIGRpZXNlcyBWaWRlbyB2b24gYW5kZXJlbiBrb25rdXJyZW56cHJvZHVrdGVuIHdvaGx0dWVuZCBhYmhlYnQuIERhcyBWaWRlbyB0csOkZ3QgZGF6dSBiZWksIGRhc3MgaWNoIGdlcm5lIG1laHIgw7xiZXIgZGFzIFByb2R1a3QgZXJmYWhyZW4gbcO2Y2h0ZSwgd2VpbCBtaWNoIGRhcyBQcm9kdWt0IGludGVyZXNzaWVydA==""","""V2hhdCBoYXMgc3RheWVkIG1vc3QgaW4gbXkgbWVtb3J5IGlzIHRoYXQgdGhlIHZpZGVvIHdhcyB2ZXJ5IGdvb2QgcHJlc2VudGVkIHRoZSBhZHZhbnRhZ2VzIHRoYXQgSSBoYXZlIHRocm91Z2ggdGhpcyBwcm9kdWN0LiBUaGUgdmlkZW8gaXMgZmFzdC1wYWNlZCBhbmQgdGh1cyBleGNpdGluZyBhbmQgbm90IGJvcmluZy4gVGhlIHByb2R1Y3Qgd2FzIHByZXNlbnRlZCBpbiBhcHBlYWxpbmcgY29sb3JzIGFuZCBpbiBpdHMgZW50aXJlIGZ1bmN0aW9uYWxpdHkuIFdlIHBhcnRpY3VsYXJseSBsaWtlZCB0aGUgZmFzdCBjdXRzLiBUaGlzIG1ha2VzIHRoZSB2aWRlbyB2ZXJ5IGFjdGlvbi1wYWNrZWQgYW5kIGRpZmZlcmVudCBmcm9tIG90aGVyIHByb2R1Y3QgdmlkZW9zLiBTbyBpdCBtYWtlcyBhbiBpbW1lbnNlIGRpZmZlcmVuY2UgY29tcGFyZWQgdG8gY29tcGV0aXRpdmUgcHJvZHVjdHMuIFdoYXQgSSBtZWFuIGlzIHRoYXQgSSBkaXN0aW5ndWlzaCB0aGUgcHJvZHVjdCBmcm9tIG90aGVyIGNvbXBldGl0aXZlIHByb2R1Y3RzIGluIGEgYmVuZWZpY2lhbCB3YXkgdGhyb3VnaCB0aGlzIHZpZGVvLiBUaGUgdmlkZW8gaGVscHMgbWUgd2FudCB0byBsZWFybiBtb3JlIGFib3V0IHRoZSBwcm9kdWN0IGJlY2F1c2UgdGhlIHByb2R1Y3QgaW50ZXJlc3RzIG1l"""
de-DE,237,"""aG9oZSBSZWluaWd1bmdzbGVpc3R1bmc=""","""aGlnaCBjbGVhbmluZyBwZXJmb3JtYW5jZQ=="""
de-DE,238,"""WnViZWjDtnI=""","""QWNjZXNzb3JpZXM="""
de-DE,239,"""RWluZGV1dGlnIGRlciBzY2jDtm5lLCBsaWViZSBIdW5kOi0pKSB1bmQgZGllIE11c2lrLQ==""","""Q2xlYXJseSB0aGUgYmVhdXRpZnVsLCBsb3ZpbmcgZG9nOi0pKSBhbmQgdGhlIG11c2ljLQ=="""
de-DE,240,"""U3RhdWJzYXVnZXIgdW5kIFRlcHBpY2g=""","""dmFjdXVtIGNsZWFuZXIgYW5kIGNhcnBldA=="""
de-DE,241,"""U2NocmVja2xpY2hlIEdlcsOkdXNjaGU=""","""SG9ycmlibGUgbm9pc2Vz"""
de-DE,242,"""TmV1ZXIgQWtrdSBTYXVnZXIgdm9uIFJvd2VudGEgbWl0IHZpbGVuZSBGdW5rdGlvbmVu""","""TmV3IGJhdHRlcnkgdmFjdXVtIGNsZWFuZXIgZnJvbSBSb3dlbnRhIHdpdGggbWFueSBmdW5jdGlvbnM="""
de-DE,243,"""ZGllIHN0YXJrZSBMZWlzdHVuZyBkZXMgSGFuZHN0YXVic2F1Z2Vycw==""","""dGhlIHN0cm9uZyBwZXJmb3JtYW5jZSBvZiB0aGUgaGFuZGhlbGQgdmFjdXVtIGNsZWFuZXI="""
de-DE,244,"""U3RhdWJzZWlnZXI=""","""RHVzdCBzdWNrZXI="""
de-DE,245,"""c2F1YmVya2VpdCB1bmQgZWluZmFjaGhlaXQ=""","""Y2xlYW5saW5lc3MgYW5kIHNpbXBsaWNpdHk="""
de-DE,246,"""RGllIEtyYWZ0IHVuZCBWaWVsZsOkbHRpZ2tlaXQgZGVzIFNhdWdlcnMg""","""VGhlIHBvd2VyIGFuZCB2ZXJzYXRpbGl0eSBvZiB0aGUgdmFjdXVtIGNsZWFuZXI="""
de-DE,247,"""RWluIGZsZXhpYmxlciBTdGF1YnNhdWdlciBtaXQgdmllbGVuIE3DtmdsaWNoa2VpdGVuIGRlcyBVbWJhdXMu""","""QSBmbGV4aWJsZSB2YWN1dW0gY2xlYW5lciB3aXRoIG1hbnkgcG9zc2liaWxpdGllcyBmb3IgY29udmVyc2lvbi4="""
de-DE,248,"""TGVpc3R1bmdzc3Rhcmsg""","""SGlnaC1wZXJmb3JtYW5jZQ=="""
de-DE,249,"""ZGFzIGVpbiBoYW5kc3RhdWJzYXVnZXIgaXN0IG9obmUga2FiZWwgIG1pdCBkZXIgbcO2Z2xpY2hrZWl0IHdpZSBiZWltIHBvbGllcmdlcsOkdCBkaWUgaGFydGLDtmRlbiB6dSByZWluaWdlbiA=""","""dGhhdCBpdCBpcyBhIGhhbmRoZWxkIHZhY3V1bSBjbGVhbmVyIHdpdGhvdXQgY2FibGUgd2l0aCB0aGUgcG9zc2liaWxpdHkgbGlrZSB3aXRoIHRoZSBwb2xpc2hpbmcgbWFjaGluZSB0byBjbGVhbiBoYXJkIGZsb29ycw=="""
de-DE,250,"""RGllIE1hcmtlLCBkZXIgSHVuZCwgZGllIGJsYXVlIEZhcmJlLCBkaWUgdGF0c2FjaGUgZGFzcyBkZXIgU3RhdWJzYXVnZXIgZmFsdGJhciBpc3Q=""","""VGhlIGJyYW5kLCB0aGUgZG9nLCB0aGUgYmx1ZSBjb2xvciwgdGhlIGZhY3QgdGhhdCB0aGUgdmFjdXVtIGNsZWFuZXIgaXMgZm9sZGFibGU="""
de-DE,251,"""cm93ZW50YSBzdGF1YnNhdWdlciBtaXQgdmVyc2NoZWlkZW5lIG1vZGVsbGU=""","""cm93ZW50YSB2YWN1dW0gY2xlYW5lciB3aXRoIGRpZmZlcmVudCBtb2RlbHM="""
de-DE,252,"""V2VyYnVuZyB2b24gZWluZW0gU3RhdWJzYXVnZXI=""","""QWR2ZXJ0aXNpbmcgZm9yIGEgdmFjdXVtIGNsZWFuZXI="""
de-DE,253,"""c2VociB2aWVsc2VpdGlnIHVuZCBtb2Rlcm4sIHN0YXJrZSBTYXVna2FmdCwgZmxleGliZWw=""","""dmVyeSB2ZXJzYXRpbGUgYW5kIG1vZGVybiwgc3Ryb25nIHN1Y3Rpb24gcG93ZXIsIGZsZXhpYmxl"""
de-DE,254,"""SG9oZSBMZWlzdHVuZyB1bmQgbGFuZ2UgQmF0dGVyaWVsYXVmemVpdA==""","""SGlnaCBwZXJmb3JtYW5jZSBhbmQgbG9uZyBiYXR0ZXJ5IGxpZmU="""
de-DE,255,"""ZGVyIGtuaWNrYmFyZSBzYXVnc3RhYg==""","""dGhlIGJlbmRhYmxlIHN1Y3Rpb24gdHViZQ=="""
de-DE,256,"""U3RhcmtlIEtyYWZ0LCBMZWlzdHVuZ3NzdGFyaywgMTUwVywgbGVpY2h0LCBudXIgMSw2IGtnLCBuZXVlIELDvHJzdGUgenVtIHNhdWdlbiB1bmQgd2lzY2hlbiwgZmxleCBnZWxlbms=""","""U3Ryb25nIHBvd2VyLCBwb3dlcmZ1bCwgMTUwVywgbGlnaHQsIG9ubHkgMS42IGtnLCBuZXcgYnJ1c2ggZm9yIHZhY3V1bWluZyBhbmQgd2lwaW5nLCBmbGV4aWJsZSBqb2ludA=="""
de-DE,257,"""U2F1Z3N0YXJrIHZpZWxzZWl0aWcgdmVyc2NoaWVkZW5lIEF1ZnPDpHR6ZSA=""","""UG93ZXJmdWwgdmVyc2F0aWxlIGRpZmZlcmVudCBhdHRhY2htZW50cw=="""
de-DE,258,"""NjAgTWludXRlbiBMYXVmemVpdCwgMSw2IGtnIHNjaHdlciggbGVpY2h0KSwgdmVyc2NoaWVkZW5lcyBadWJlaMO2ciwgOTkgLDkgUHJvemVudCBTYXVna3JhZnQsIHZlcnNjaGllZGVuZSBGYXJiZW4sbWl0IEhhbHRlcnVuZw==""","""NjAgbWludXRlIHJ1biB0aW1lLCAxLjYga2cgbGlnaHQgd2VpZ2h0LCB2YXJpb3VzIGFjY2Vzc29yaWVzLCA5OS45IHBlcmNlbnQgc3VjdGlvbiBwb3dlciwgdmFyaW91cyBjb2xvcnMsIHdpdGggbW91bnRpbmc="""
de-DE,259,"""ZGllIElubm92YXRpb25lbiB1bmQgcHJha3Rpc2NoZW4gRnVua3Rpb25lbiBkZXMgR2Vyw6R0ZXMsIHdpZSBkaWUgZ3LDvG5kbGljaGUgQsO8cnN0ZSwgZGllIGxhbmdlIEhhbHRiYXJrZWl0IGRlcyBBa2t1IGltIGVjbyBNb2RlIG1pdCBiaXMgenUgNjAgTWludXRlbiwgZGllIHZpZWxzZWl0aWdlIFZlcndlbmRiYXJrZWl0LCBpbmRlbSBkYXMgUm9ociBtaXQgZGVyIEJvZGVuYsO8cnN0ZSBnZWdlbiBhbmRlcmUgVGVpbGUgYXVzZ2V0YXVzY2h0IHdlcmRlbiBrYW5uIC4gQi4gZsO8ciBNw7ZiZWxyZWluaWd1bmc=""","""dGhlIGlubm92YXRpb25zIGFuZCBwcmFjdGljYWwgZnVuY3Rpb25zIG9mIHRoZSBkZXZpY2UsIHN1Y2ggYXMgdGhlIHRob3JvdWdoIGJydXNoLCB0aGUgbG9uZyBkdXJhYmlsaXR5IG9mIHRoZSBiYXR0ZXJ5IGluIGVjbyBtb2RlIHdpdGggdXAgdG8gNjAgbWludXRlcywgdGhlIHZlcnNhdGlsZSB1c2FiaWxpdHksIGJ5IGV4Y2hhbmdpbmcgdGhlIHR1YmUgd2l0aCB0aGUgZmxvb3IgYnJ1c2ggYWdhaW5zdCBvdGhlciBwYXJ0cy4gRS5nLiBmb3IgZnVybml0dXJlIGNsZWFuaW5n"""
de-DE,260,"""bGVpY2h0IGhhbmRoYWJiYXJlciBlZmZla3RpdmVyIFN0YXVic2F1Z2VyIGd1dCBmw7xyIFRpZXJoYWx0ZXIgZ2VlaWduZXQ=""","""RWFzaWx5IGhhbmRsZWQgZWZmZWN0aXZlIHZhY3V1bSBjbGVhbmVyIHdlbGwgc3VpdGVkIGZvciBwZXQgb3duZXJz"""
de-DE,261,"""RGVyIGJlc3RlIFN0YXVic2F1Z2VyIGbDvHIgYWxsZXMuIEVyIHNhdWd0IGFsbGUgQsO2ZGVuIGF1dG9tYXRpc2NoZSBVbXN0ZWxsdW5nLCBhdWNoIHVudGVyIGRlbiBNw7ZiZWwgdW5kIGRhbm4gZWluZmFjaCBhbiBkaWUgV2FuZCBow6RuZ2VuLg==""","""VGhlIGJlc3QgdmFjdXVtIGNsZWFuZXIgZm9yIGV2ZXJ5dGhpbmcuIEl0IHZhY3V1bXMgYWxsIGZsb29ycyBhdXRvbWF0aWNhbGx5IHN3aXRjaGluZywgYWxzbyB1bmRlciBmdXJuaXR1cmUgYW5kIHRoZW4gc2ltcGx5IGhhbmcgb24gdGhlIHdhbGwu"""
de-DE,262,"""RGllIE11c2lrIHVuZCBkZXIgU2F1Z2Vy""","""VGhlIG11c2ljIGFuZCB0aGUgdmFjdXVtIGNsZWFuZXI="""
de-DE,263,"""TWFkZSBpbiBmcmFuY2U=""","""TWFkZSBpbiBmcmFuY2U="""
de-DE,264,"""VHVyYm9zYXVnc3RhaWJlciA=""","""VHVyYm8gc3VjdGlvbiBtYWNoaW5l"""
de-DE,265,"""ZGllIEJld2VndW5nIHVuZCBkaWUgTXVzaWs=""","""dGhlIG1vdmVtZW50IGFuZCB0aGUgbXVzaWM="""
de-DE,266,"""TmV1ZXIgQWtrdS1TdGF1YnNhdWdlciwKRmxleGliZWwsIGxlaWNodA==""","""TmV3IGNvcmRsZXNzIHZhY3V1bSBjbGVhbmVyLApGbGV4aWJsZSwgbGlnaHQ="""
de-DE,267,"""RGFzIGVzIGVpbiB2aWVsc2VpdGlnZXIgQWtrdXN0YXVic2F1Z2VyIHZvbiBSb3dlbnRhIGlzdC4gTmljaHQgbnVyIG1pdCBkZW0gbm9ybWFsZW4gQm9kZW5zYXVnZXIgc29uZGVybiBhdWNoIG1pdCBlaW5lIGtsZWluZW4gU2F1Z2LDvHJzdGUgZsO8ciBkaWUgQ291Y2guIEF1w59lcmRlbSBrb21tdCBtYW4gZmxleGliZWwgZGFtaXQgdW50ZXIgZGllIENvdWNoIHVuZCBkaWUgU2F1Z2xlaXN0dW5nIHNjaGVpbnQgc2VociBndXQgenUgc2VpbiwgYmVzb25kZXJzIGJlaSBUaWVyaGFhcmVu""","""VGhhdCBpdCBpcyBhIHZlcnNhdGlsZSBjb3JkbGVzcyB2YWN1dW0gY2xlYW5lciBmcm9tIFJvd2VudGEuIE5vdCBvbmx5IHdpdGggdGhlIG5vcm1hbCBmbG9vciB2YWN1dW0gYnV0IGFsc28gd2l0aCBhIHNtYWxsIGJydXNoIGZvciB0aGUgY291Y2guIEluIGFkZGl0aW9uLCBpdCBpcyBmbGV4aWJsZSB0byBnZXQgdW5kZXIgdGhlIGNvdWNoIGFuZCB0aGUgc3VjdGlvbiBwb3dlciBzZWVtcyB0byBiZSB2ZXJ5IGdvb2QsIGVzcGVjaWFsbHkgZm9yIHBldCBoYWly"""
de-DE,268,"""ZGllIFNhdWdrcmFmdA==""","""dGhlIHN1Y3Rpb24gcG93ZXI="""
de-DE,269,"""ZGllIFZpZWxzZWl0aWdrZWl0IGRlcyBHZXLDpHRlcywgbWl0IHdlbmlnZW4gSGFuZGdyaWZmZW4ga2FubiBtYW4gZXMgc28gdW1iYXVlbiB3YXMgbWFuIGdlcmFkZSBiZW7DtnRpZ3Q=""","""dGhlIHZlcnNhdGlsaXR5IG9mIHRoZSBkZXZpY2UsIHdpdGggYSBmZXcgc2ltcGxlIG1vdmVtZW50cyBpdCBjYW4gYmUgY29udmVydGVkIHRvIHdoYXRldmVyIGlzIGN1cnJlbnRseSBuZWVkZWQ="""
de-DE,270,"""RGllIE1hcmtlICJSb3dlbnRhIg==""","""VGhlIGJyYW5kICJSb3dlbnRhIg=="""
de-DE,271,"""MiBpbiAxIC0gUmVpbmlndW5nCmhvaGUgU2F1Z2xlaXN0dW5nCmbDvHIgYWxsZSBCw7ZkZW4KZ2VwbGFudGUgSGVyc3RlbGx1bmcgaW4gRnJhbmtyZWljaApsZWljaHRlcyBHZXLDpHQKSGFuZGdyaWZmIGthbm4gYXVjaCBnZWtuaWNrdCB3ZXJkZW4sIHVtIHVudGVyIE3DtmJlbG4genUgc2F1Z2Vu""","""MiBpbiAxIC0gQ2xlYW5pbmcKaGlnaCBzdWN0aW9uIHBvd2VyCmZvciBhbGwgZmxvb3JzCnBsYW5uZWQgbWFudWZhY3R1cmluZyBpbiBGcmFuY2UKbGlnaHR3ZWlnaHQgZGV2aWNlCmhhbmRsZSBjYW4gYWxzbyBiZSBiZW50IHRvIHZhY3V1bSB1bmRlciBmdXJuaXR1cmU="""
de-DE,272,"""QWxsZXMgZWluZSBuZXVlIHRvbGxlIElubm92YXRpb24gbWl0IHZpZWwgUG93ZXIhIFRvbGxlIFNhY2hlLi4u""","""RXZlcnl0aGluZyBhIG5ldyBncmVhdCBpbm5vdmF0aW9uIHdpdGggYSBsb3Qgb2YgcG93ZXIhIEdyZWF0IHRoaW5nLi4u"""
de-DE,273,"""RGFzIGZsZXhpYmxlIFJvaHIuIFNvIGRhcyBpY2ggYXVjaCB1bnRlciBkZW0gU29mYSBzYXVnZW4ga2Fubi4=""","""VGhlIGZsZXhpYmxlIGhvc2UuIFNvIEkgY2FuIGFsc28gdmFjdXVtIHVuZGVyIHRoZSBzb2ZhLg=="""
de-DE,275,"""ZWluIHN0YXVic2F1Z2VyIGRlciB2aWVsIGthbm4saW5ub3ZhdGl2""","""YSB2YWN1dW0gY2xlYW5lciB0aGF0IGNhbiBkbyBhIGxvdCwgaW5ub3ZhdGl2ZQ=="""
de-DE,277,"""R3V0IGtuIHNlciBIYW5kaGFidW5nLCBrYW5uIGdla25pY2t0IHdlcmRlbiB1bSB1bnRlciBkaWUgQ291Y2ggenUga29tbWVuLCBwZXJmZWt0IHVtIGRpZSBDb3VjaCBhYnp1c2F1Z2Vu""","""V2VsbCBpbiBoYW5kbGluZywgY2FuIGJlIGJlbnQgdG8gZ2V0IHVuZGVyIHRoZSBjb3VjaCwgcGVyZmVjdCB0byB2YWN1dW0gdGhlIGNvdWNo"""
de-DE,278,"""RmllIEFuaW1hdGlvbiBtaXQgZGVuIHJvdGVuIHVuZCBibGF1ZW4gRmFyYmVuIA==""","""VGhlIGFuaW1hdGlvbiB3aXRoIHRoZSByZWQgYW5kIGJsdWUgY29sb3Jz"""
de-DE,279,"""RWluIFN0YXVic2F1Z2VyIGRlciBtaXQgc2VpbmVuIHdlY2hzZWxiYXJlbiBadWJlaMO2cnRlaWxlbiBhbGxlcyBrYW5uLg==""","""QSB2YWN1dW0gY2xlYW5lciB0aGF0IGNhbiBkbyBldmVyeXRoaW5nIHdpdGggaXRzIGludGVyY2hhbmdlYWJsZSBhY2Nlc3NvcnkgcGFydHMu"""
de-DE,280,"""U3VhZ3N0YXJrIHVuZCByZWd1bGllcnQgZGllIHNhdWdrcmFmdCB2b24gYWxsZWltbmUgamUgbmFjaCBCb2RlbmJlbGFn""","""U3VhZ3N0YXJrIGFuZCByZWd1bGF0ZXMgdGhlIHN1Y3Rpb24gcG93ZXIgZnJvbSBhbGxlaW1uZSBkZXBlbmRpbmcgb24gdGhlIGZsb29yIGNvdmVyaW5n"""
de-DE,281,"""V2llIHVuZ2xhdWJsaWNoIGZsZXhpYmVsIG1hbiBkYXMgR2Vyw6R0IHZvbiBSb3dlbnRhIHZlcndlbmRlbiBrYW5uLiBEYXp1IGRhcyB3dW5kZXJhciBlaW5mYWNoZSBTdGVja3N5c3RlbS4=""","""SG93IGluY3JlZGlibHkgZmxleGlibGUgb25lIGNhbiB1c2UgdGhlIFJvd2VudGEgZGV2aWNlLiBBbHNvIHRoZSB3b25kZXJmdWxseSBzaW1wbGUgcGx1Zy1pbiBzeXN0ZW0u"""
de-DE,282,"""ZXMgaXN0IGVpbiBtb2Rlcm5lciBha2t1LXNhdWdlciB2b24gcm93ZW50YQ==""","""aXQgaXMgYSBtb2Rlcm4gY29yZGxlc3MgdmFjdXVtIGNsZWFuZXIgZnJvbSByb3dlbnRh"""
de-DE,283,"""RGllIFZpZWxzZWl0aWdrZWl0IGRlcyBBa2t1c2F1Z2Vycw==""","""VGhlIHZlcnNhdGlsaXR5IG9mIHRoZSBjb3JkbGVzcyB2YWN1dW0gY2xlYW5lcg=="""
de-DE,284,"""WnUgc2NobmVsbGVyIFRleHQsIHp1IHNjaG5lbGxlIFNjaG5pdHRiaWxkZXIu""","""VG9vIGZhc3QgdGV4dCwgdG9vIGZhc3QgY3V0IGltYWdlcy4="""
de-DE,285,"""d2llIGVpbmZhY2ggdW5kIHByYWt0aXNjaCA=""","""aG93IGVhc3kgYW5kIHByYWN0aWNhbA=="""
de-DE,286,"""RmxleGliaWxpdMOkdCB2ZXJzY2hpZWRlbiBlaW5zZXR6YmFyIGF1Y2ggYWxzIGtsZWluZXIgQWtrdXNhdWdlci4KS29tbXQgYXVjaCB1bnRlciBkaWUgQ291Y2guIExhbmdlIExhdWZ6ZWl0IGRlcyBBa2t1IHZvbiAxIFN0dW5kZSBvcHRpbWFsLgpHdXRlcyBEZXNpZ24g""","""RmxleGliaWxpdHkgZm9yIGRpZmZlcmVudCB1c2VzIGFsc28gYXMgYSBzbWFsbCBjb3JkbGVzcyB2YWN1dW0uIEFsc28gY29tZXMgdW5kZXIgdGhlIGNvdWNoLiBMb25nIGJhdHRlcnkgbGlmZSBvZiAxIGhvdXIgb3B0aW1hbC4gR29vZCBkZXNpZ24="""
de-DE,288,"""U2F1Z3Qgd2llIGRlciB0ZXVmZWw=""","""U3Vja3MgbGlrZSB0aGUgZGV2aWw="""
de-DE,290,"""RGllIE1hcmtlIFJvd2VtdGEgdW5kIEFra3VzdGF1YnNhdWdlciA=""","""VGhlIGJyYW5kIFJvd2VtdGEgYW5kIGNvcmRsZXNzIHZhY3V1bSBjbGVhbmVycw=="""
de-DE,291,"""U3RhdWJzYXVnZXIgdW5kIFJvd2VudGE=""","""VmFjdXVtIGNsZWFuZXIgYW5kIFJvd2VudGE="""
de-DE,292,"""RGllIHphaGxyZWljaGVuIFZvcnRlaWxlIC8gRWlnZW5zY2hhZnRlbiBkZXMgU3RhdWJzYXVnZXJz""","""VGhlIG51bWVyb3VzIGFkdmFudGFnZXMgLyBwcm9wZXJ0aWVzIG9mIHRoZSB2YWN1dW0gY2xlYW5lcg=="""
de-DE,293,"""d2llZGVyIGVpbiBuZXVlciBhYmtsYXRzY2ggZWluZXMgZHlzb24=""","""YW5vdGhlciBrbm9ja29mZiBvZiBhIGR5c29u"""
de-DE,295,"""cGVyZmVrdGVzIHVuZCBzYXViZXJlcyBzYXVnZW4=""","""cGVyZmVjdCBhbmQgY2xlYW4gdmFjdXVtaW5n"""
de-DE,296,"""VmllbGUgSW5mb3JtYXRpb25lbiwgZ3V0ZSBha2t1bGVpc3R1bmcsIGhlcmdlc3RlbGx0IGluIEZyYW5rcmVpY2gsIG1pdCBMaWNodCA=""","""TWFueSBpbmZvcm1hdGlvbnMsIGdvb2QgYmF0dGVyeSBsaWZlLCBtYW51ZmFjdHVyZWQgaW4gRnJhbmNlLCB3aXRoIGxpZ2h0"""
de-DE,297,"""RWluIGZvcnRzY2hyaXR0bGljaGVyIFN0YXVic2F1Z2VyLg==""","""QSBwcm9ncmVzc2l2ZSB2YWN1dW0gY2xlYW5lci4="""
de-DE,298,"""MiBpbiAxIFN0YXVic2F1Z2VyIHVuZCBXaXNjaGVyIHZvbSBSb3dlbnRh""","""MiBpbiAxIHZhY3V1bSBjbGVhbmVyIGFuZCB3aXBlciBmcm9tIFJvd2VudGE="""
de-DE,299,"""ZGllIG1hcmtlIHJvd2VudGE=""","""dGhlIGJyYW5kIHJvd2VudGE="""
de-DE,300,"""RWluIG5ldWFydGlnZXIgU3RhdWJzYXVnZXIgdm9uIFJvd2VucmEgYXVzIEZyYW5rcmVpY2gg""","""QSBub3ZlbCB2YWN1dW0gY2xlYW5lciBmcm9tIFJvd2VucmEgZnJvbSBGcmFuY2U="""
de-DE,301,"""TmV1ZSBCw7xyc3RlbnRlY2huaWssIDEuIFN0YXVic2F1Z2VyIGluIEZyYW5rcmVpY2ggaGVyZ2VzdGVsbHQsIGNvb2xlIERlc2lnbg==""","""TmV3IGJydXNoIHRlY2hub2xvZ3ksIDFzdCB2YWN1dW0gY2xlYW5lciBtYW51ZmFjdHVyZWQgaW4gRnJhbmNlLCBjb29sIGRlc2lnbg=="""
de-DE,302,"""RGVyIFN0YXVic2F1Z2VyIGlzdCBmbGV4aWJlbCBlaW5zZXR6YmFyIHVuZCB1bWJhdWJhci4gTGVpY2h0IGluIGRlciBIYW5kaGFidW5nIGVnYWwgd2FzIGdlc2F1Z3Qgd2VyZGVuIG11c3MuIEdsYXR0ZSBGbMOkY2hlbiB1bmQgVGVwcGljaGUuIFNlaHIgU2F1Z3N0YXJrISA=""","""VGhlIHZhY3V1bSBjbGVhbmVyIGlzIGZsZXhpYmx5IHVzYWJsZSBhbmQgY29udmVydGlibGUuIEVhc3kgdG8gaGFuZGxlIG5vIG1hdHRlciB3aGF0IG5lZWRzIHRvIGJlIHZhY3V1bWVkLiBTbW9vdGggc3VyZmFjZXMgYW5kIGNhcnBldHMuIFZlcnkgcG93ZXJmdWwgc3VjdGlvbiE="""
de-DE,303,"""RWluIEFra3VzYXVnZXIsIGRlciBzZWhyIHZpZWxzZWl0aWcgdW5kIGludGVsbGlnZW50ICBpc3Qu""","""QSBjb3JkbGVzcyB2YWN1dW0gY2xlYW5lciB0aGF0IGlzIHZlcnkgdmVyc2F0aWxlIGFuZCBpbnRlbGxpZ2VudC4="""
de-DE,304,"""RGVzaWduIHVuZCBGdW5rdGlvbmFsaXTDpHQgZGVyIETDvHNl""","""RGVzaWduIGFuZCBmdW5jdGlvbmFsaXR5IG9mIHRoZSBub3p6bGU="""
de-DE,305,"""U3RpZWxzdGF1YnNhdWdlciB2b24gUm93ZW50YSwgZWluZmFjaGUgTnV0enVuZywgdmllbGUgRnVudGlvbmVuLCBndXQgYmVpIEhhdXN0aWVyZW4=""","""VXByaWdodCB2YWN1dW0gY2xlYW5lciBmcm9tIFJvd2VudGEsIGVhc3kgdG8gdXNlLCBtYW55IGZ1bmN0aW9ucywgZ29vZCBmb3IgcGV0cw=="""
de-DE,306,"""VG9sbGVzIFN0YXVic2F1Z2VyIG1pdCB2aWVsIFBvd2VyIHVuZCB2aWVsZSB1bnRlcnNjaGllZGxpY2hlbiBCw7xyc3RlbixtaXQgQWtrdSA=""","""R3JlYXQgdmFjdXVtIGNsZWFuZXIgd2l0aCBsb3RzIG9mIHBvd2VyIGFuZCBtYW55IGRpZmZlcmVudCBicnVzaGVzLCB3aXRoIGJhdHRlcnk="""
de-DE,307,"""RGFzIGZsZXhpYmxlIGFuIGRpZXNlbSBuZXVlbiBTdGF1YnNhdWdlci5FaW5mYWNoIHRvbGwu""","""VGhlIGZsZXhpYmlsaXR5IG9mIHRoaXMgbmV3IHZhY3V1bSBjbGVhbmVyLiBTaW1wbHkgYW1hemluZy4="""
de-DE,308,"""ZGVyIGVyc3RlIFN0YXVic2F1Z2VyLCBkZXIgaW4gRnJhbmtyZWljaCBoZXJnZXN0ZWxsdCB3aXJk""","""dGhlIGZpcnN0IHZhY3V1bSBjbGVhbmVyIG1hbnVmYWN0dXJlZCBpbiBGcmFuY2U="""
de-DE,309,"""S2VpbmUgQWhudW5nIHdhcyBoaWVyIGdlbWVpbnQgaXN0IA==""","""Tm8gaWRlYSB3aGF0IGlzIG1lYW50IGhlcmU="""
de-DE,310,"""ZGVyIEh1bmQgdW50ZXJtIFNvZmE=""","""dGhlIGRvZyB1bmRlciB0aGUgc29mYQ=="""
de-DE,311,"""TGVpc3R1bmdzc3Rhcms=""","""SGlnaC1wZXJmb3JtYW5jZQ=="""
de-DE,312,"""RXMgZ2luZyB1bSBlaW5lbiBTdGFiIFN0YXVic2F1Z2VyIG9obmUgS2FiZWwgdm9uIGRlciBGaXJtYSBSb3dlbnRhLCBkZXIgdmllbHNlaXRpZ2UgRWluc2F0emdlYmlldGUgaGFiZW4ga2Fubi4g""","""SXQgd2FzIGFib3V0IGEgY29yZGxlc3Mgc3RpY2sgdmFjdXVtIGNsZWFuZXIgZnJvbSBSb3dlbnRhLCB3aGljaCBjYW4gaGF2ZSBtYW55IGFyZWFzIG9mIGFwcGxpY2F0aW9uLg=="""
de-DE,313,"""ZmxleGliZWwsIGRvcHBlbHRlIFJlaW5pZ3VuZywgV2FzY2hlbiwgZ2Vmw7xocnRlIELDvHJzdGU=""","""ZmxleGlibGUsIGRvdWJsZSBjbGVhbmluZywgd2FzaGluZywgZ3VpZGVkIGJydXNo"""
de-DE,314,"""c2F1Z3QgYWxsZXMgc2NobmVsbCB1bmQgZXJnaWViaWc=""","""dmFjdXVtcyBldmVyeXRoaW5nIHF1aWNrbHkgYW5kIGVmZmljaWVudGx5"""
de-DE,315,"""RWluZmFjaCBnZW5pYWxlciBBa2t1IFN0YXVic2F1Z2VyLiBNYW4gc2llaHQgd2llIGVyIHp1c2FtbWVuZ2VzZXR6dCBpc3QsIHdhcyBlciBhbiBGdW5rdGlvbmVuIGJpZXRldCB1bmQgd2llIGVpbmZhY2ggZWhlciB6dSBiZWRpZW5lbiBpc3Qu""","""U2ltcGx5IGEgZ2VuaXVzIGNvcmRsZXNzIHZhY3V1bSBjbGVhbmVyLiBZb3UgY2FuIHNlZSBob3cgaXQgaXMgYXNzZW1ibGVkLCB3aGF0IGZ1bmN0aW9ucyBpdCBvZmZlcnMgYW5kIGhvdyBlYXN5IGl0IGlzIHRvIG9wZXJhdGUu"""
de-DE,316,"""TmV1ZXIgU3RhdWJzYXVnZXIgdm9uIFJvd2VudGEuIEdyb8OfZSBTYXVnbGVpc3R1bmcsIGbDvHIgdmllbGUgQW53ZW5kdW5nZW4gZ2VlaWduZXQsIGhlcmdlc3RlbGx0IGluIEZyYW5rcmVpY2guCg==""","""TmV3IHZhY3V1bSBjbGVhbmVyIGZyb20gUm93ZW50YS4gR3JlYXQgc3VjdGlvbiBwb3dlciwgc3VpdGFibGUgZm9yIG1hbnkgYXBwbGljYXRpb25zLCBtYW51ZmFjdHVyZWQgaW4gRnJhbmNlLg=="""
de-DE,317,"""bXVzaWsKCgoKCgoKCgoKCgoKCgoKCg==""","""bXVzaWM="""
de-DE,318,"""U3RhdWJzYXVnZXIgdm9uIFJvd2VudGE=""","""VmFjdXVtIGNsZWFuZXJzIGZyb20gUm93ZW50YQ=="""
de-DE,319,"""SGVyZ2VzdGVsbHQgaW4gZnJhbmtyZWljaC4=""","""TWFudWZhY3R1cmVkIGluIEZyYW5jZS4="""
de-DE,320,"""Z3V0ZSBTYXVnbGVpc3R1bmcsIG51ciAxLDYga2cgc2Nod2VyLCB2b24gUm93ZW50YSwgZHVyY2gga2xpY2tmaXggbWl0ZWluZWFuZGVyIHp1IGtvcHBlbG4sIHp1IGFuZ3VsaWVyZW4sIGVpZmFjaCB6dSBiZW51dHplbg==""","""Z29vZCBzdWN0aW9uIHBvd2VyLCBvbmx5IDEuNiBrZyBsaWdodCwgZnJvbSBSb3dlbnRhLCB0byBjb3VwbGUgdG9nZXRoZXIgYnkgY2xpY2tmaXgsIHRvIGFuZ2xlLCBlYXN5IHRvIHVzZQ=="""
de-DE,321,"""TmljaHRz""","""Tm90aGluZw=="""
de-DE,322,"""Y29vbGVyIFN0YXVic2F1Z2VyIGRlciBhdWNoIHVudGVyIGRpZSBDb3VjaCBrb21tdA==""","""Q29vbCB2YWN1dW0gY2xlYW5lciB0aGF0IGFsc28gZ2V0cyB1bmRlciB0aGUgY291Y2g="""
de-DE,323,"""YWxsZXM=""","""ZXZlcnl0aGluZw=="""
de-DE,324,"""RGllIHZpZWxlbiBNw7ZnbGljaGtlaXRlbiBtaXQgZGVtIFNhdWdlciA=""","""VGhlIG1hbnkgcG9zc2liaWxpdGllcyB3aXRoIHRoZSB2YWN1dW0gY2xlYW5lcg=="""
de-DE,325,"""Um93ZW5ycyBrc3V0ZiBtdXNpaw==""","""Um93ZW5ycyBrc3V0ZiBtdXNpYw=="""
de-DE,326,"""U2VsYnN0w6RuZGlnZSBHZXNjaHdpbmRpZ2tlaXQ=""","""SW5kZXBlbmRlbnQgc3BlZWQ="""
de-DE,328,"""ZW50ZmVybnQgIFRpZXJoYWFyZQ==""","""cmVtb3ZlcyBwZXQgaGFpcg=="""
de-DE,329,"""RWluaWdlIHByb2R1a3RpbmZvcw==""","""U29tZSBwcm9kdWN0IGluZm8="""
de-DE,330,"""RGFzIGVyIHdvaGwgYW5zYXR6d2Vpc2UgYXVoIHdpc2NodCB1bmQgc2F1Z3QgZ2xlaWNoZXJtYcOfZW4=""","""VGhhdCBpdCBwcm9iYWJseSBhbHNvIHdpcGVzIGFuZCB2YWN1dW1zIGVxdWFsbHk="""
de-DE,332,"""U3RhdWJzYXVnZXIgdm9uIFJvd2VudGE=""","""VmFjdXVtIGNsZWFuZXJzIGZyb20gUm93ZW50YQ=="""
de-DE,333,"""Z3V0ZSBNdXNpayAtIEVpbiBob2NoZmxleGlibGVyIEFra3VzdGF1YnNhdWdlciwgZGVyIGF1Y2ggdW50ZXIgZGllIFNjaHLDpG5rZSBrb21tdCB1bmQgYXVjaCBhbHMgSGFuZHN0YXVic2F1Z2VyICJrdXJ6ZW4gUHJvemVzcyIgbWl0IGFsbGVtIHdhcyBzYXVnYmFyIGlzdCwgbWFjaHQuIEVyIGlzdCBrcmFmdHZvbGwsIGFiZXIgbmljaHQgenUgc2Nod2VyISA=""","""Z29vZCBtdXNpYyAtIEEgaGlnaGx5IGZsZXhpYmxlIGNvcmRsZXNzIHZhY3V1bSBjbGVhbmVyIHRoYXQgYWxzbyBnZXRzIHVuZGVyIGNhYmluZXRzIGFuZCBhbHNvIHdvcmtzIGFzIGEgaGFuZGhlbGQgdmFjdXVtIGNsZWFuZXIgdGhhdCBtYWtlcyAic2hvcnQgd29yayIgb2YgZXZlcnl0aGluZyB0aGF0IGNhbiBiZSB2YWN1dW1lZC4gSXQgaXMgcG93ZXJmdWwgYnV0IG5vdCB0b28gaGVhdnkh"""
de-DE,334,"""U3RhcmtlIFNhdWdrcmFmdCwgc2F1Z2VuIHVuZCByZWluaWdlbiBpbiBlaW5lbSBHZXLDpHQsIHNhdWdlbiB1bmQgcmVpbmlnZW4gw7xiZXJhbGwgYXVjaCBTb2ZhIHVuZCBUZXBwaWNo""","""U3Ryb25nIHN1Y3Rpb24gcG93ZXIsIHZhY3V1bSBhbmQgY2xlYW4gaW4gb25lIGRldmljZSwgdmFjdXVtIGFuZCBjbGVhbiBldmVyeXdoZXJlIGluY2x1ZGluZyBzb2ZhIGFuZCBjYXJwZXQ="""
de-DE,335,"""QWtrdSBTdGF1YnNhdWdlciB1bmQgV2lzY2hlciA=""","""Q29yZGxlc3MgdmFjdXVtIGNsZWFuZXIgYW5kIHdpcGVy"""
de-DE,336,"""dW1rbmlja2VuLCBmZXVjaHQgd2lzY2hlbiwgbGljaHQ=""","""YmVuZCwgd2V0IHdpcGUsIGxpZ2h0"""
de-DE,338,"""V2llIGVpbmZhY2ggc2ljaCBhbGxlcyB2ZXJiaW5kZW4gbMOkc3N0Lg==""","""SG93IGVhc3kgZXZlcnl0aGluZyBjb25uZWN0cy4="""
de-DE,339,"""V2Vpw58gbmljaHQg""","""RG9uJ3Qga25vdw=="""
de-DE,340,"""RXJjaWR0Y3NlaHIgdGllZmdyw7xuZGlnZSA=""","""RXJjaWR0Y3NlaHIgdmVyeSBwcm9mb3VuZA=="""
de-DE,341,"""RGllIEZsZXhpYmlsaXTDpHQgYmVpIGRlciBBbndlbmR1bmcgZGVzIFNhdWdlcnMgdW5kIGRpZSBldHdhcyBuZXJ2aWdlIE11c2lr""","""VGhlIGZsZXhpYmlsaXR5IHdoZW4gYXBwbHlpbmcgdGhlIHZhY3V1bSBjbGVhbmVyIGFuZCB0aGUgc29tZXdoYXQgYW5ub3lpbmcgbXVzaWM="""
de-DE,342,"""RGFzcyxlcyBlaW4gQW1va2zDpHVmZXIgaXN0""","""VGhhdCBpdCBpcyBhIHNjaG9vbCBzaG9vdGVy"""
de-DE,343,"""ZGVyIEh1bmQ=""","""dGhlIGRvZw=="""
de-DE,344,"""RGFzcyBkZXIgbmV1ZSBSb3dlbnRhIFN0YXVic2F1Z2VyIGJld29yYmVuIHd1cmRl""","""VGhhdCB0aGUgbmV3IFJvd2VudGEgdmFjdXVtIGNsZWFuZXIgd2FzIGFkdmVydGlzZWQ="""
de-DE,345,"""RGllIHZlcnNjaGllZGVuZW4gT3B0aW9uZW4gZGllIGVzIGdpYnQgdW0gZGVuIFN0YXVic2F1Z2VyIGVpbnp1c8OkdHplbiwgc293aWUgZGllIHVudGVyc2NoaWVkbGljaGVuIEF1ZnPDpHR6ZQ==""","""VGhlIGRpZmZlcmVudCBvcHRpb25zIHRoZXJlIGFyZSB0byB1c2UgdGhlIHZhY3V1bSBjbGVhbmVyLCBhcyB3ZWxsIGFzIHRoZSB2YXJpb3VzIGF0dGFjaG1lbnRz"""
de-DE,346,"""Um93ZW50YSBjbGVhbiwgYXVmZ2VsYWRlbiBpbiA2MCBNaW51dGVuLCBhYmtuaWNrYmFyZXMgU2F1Z3JvaHIsIE1pbmliw7xyc3Rl""","""Um93ZW50YSBjbGVhbiwgY2hhcmdlZCBpbiA2MCBtaW51dGVzLCBiZW5kYWJsZSBzdWN0aW9uIHR1YmUsIG1pbmkgYnJ1c2g="""
de-DE,347,"""RWluIGxlaWNodGVyIHdpc2Noc2F1Z2VyIGRlciBlaW5lIGhvaGUgTGF1ZmxlaXN0dW5nIGhhdCB1bmQgYmlzIHp1IDYwIE1pbnV0ZW4gc2F1Z3Qg""","""QSBsaWdodCB3aXBpbmcgdmFjdXVtIHRoYXQgaGFzIGEgaGlnaCBydW4gdGltZSBhbmQgdmFjdXVtcyBmb3IgdXAgdG8gNjAgbWludXRlcw=="""
de-DE,348,"""bGVpY2h0IHVuZCBzdGFya2Ugc2F1Z2tyYWZ0IGF1ZiBhbGxlbiB1bnRlcmdyw7xuZGVu""","""bGlnaHQgYW5kIHN0cm9uZyBzdWN0aW9uIG9uIGFsbCBzdXJmYWNlcw=="""
de-DE,349,"""SGFuZHN0YXVic2F1Z2VyIG1pdCBuZXVlc3RlciBUZWNobm9sb2dpZSwgZ3V0IGF1ZiBUZXBwaWNoIHVuZCBhbmRlcmVuIELDtmRlbiwgcGFzc3Qgc2ljaCBhbiwgUm9ociBhYmtuaWNrYmFyLiA=""","""SGFuZGhlbGQgdmFjdXVtIGNsZWFuZXIgd2l0aCBsYXRlc3QgdGVjaG5vbG9neSwgZ29vZCBvbiBjYXJwZXQgYW5kIG90aGVyIHN1cmZhY2VzLCBhZGFwdHMsIHR1YmUgY2FuIGJlbmQu"""
de-DE,350,"""c2FoIGludGVyZXNzYW50IGF1cyB1bmQga29tbXQgaW4gamVkZSBFY2tl""","""bG9va2VkIGludGVyZXN0aW5nIGFuZCBmaXRzIGluIGV2ZXJ5IGNvcm5lcg=="""
de-DE,351,"""Um93ZW50YSwgbWFkZSBpbiBmcmFuY2UgdW5kIDk5LHggJSB3ZXJkZW4gZWluZ2VzYW1tZWx0IA==""","""Um93ZW50YSwgbWFkZSBpbiBGcmFuY2UgYW5kIDk5LnglIHdpbGwgYmUgY29sbGVjdGVk"""
de-DE,352,"""ZGVyIEh1bmQ=""","""dGhlIGRvZw=="""
de-DE,353,"""Um93ZW50YSBBa2t1c3RhdWJzYXVnZXIsIFRpZXJoYWFyZSwgdmVyc2NoaWVkZW5lIELDvHJzdGVuIGxlaWNodCBhdXN0YXVzY2hiYXIsIDYwIE1pbnV0ZW4gQmV0cmllYnNkYXVlciBtaXQgZWluZXIgQWtrdWF1ZmxhZHVuZw==""","""Um93ZW50YSBjb3JkbGVzcyB2YWN1dW0gY2xlYW5lciwgcGV0IGhhaXIsIHZhcmlvdXMgYnJ1c2hlcyBlYXNpbHkgaW50ZXJjaGFuZ2VhYmxlLCA2MCBtaW51dGVzIG9wZXJhdGluZyB0aW1lIHdpdGggb25lIGJhdHRlcnkgY2hhcmdl"""
de-DE,354,"""RGVyIG5ldWUgQWtrdSBzdGF1YnNhdWdlciB2b24gcm93ZW50YSwgenUgdmllbGVybGVpIHp1IGdlYnJhdWNoZW4gaW0gSGF1c2hhbHQg""","""VGhlIG5ldyBjb3JkbGVzcyB2YWN1dW0gY2xlYW5lciBmcm9tIFJvd2VudGEsIGZvciBtYW55IHVzZXMgaW4gdGhlIGhvdXNlaG9sZA=="""
de-DE,355,"""U2llIGVpbnplbG5lbiBFbGVtZW50ZSBkZXMgU3RhdWJzYXVnZXIsIGRlciBBa2t1ICwgZGVuIFN0aWVsIHdvIG1hbiBhYmtuaWNrZW4ga2FubiAsIHNhdWdzdGFya2UsIGRhcyBsaWNodA==""","""VGhlIGluZGl2aWR1YWwgZWxlbWVudHMgb2YgdGhlIHZhY3V1bSBjbGVhbmVyLCB0aGUgYmF0dGVyeSwgdGhlIHR1YmUgdGhhdCBjYW4gYmVuZCwgcG93ZXJmdWwgc3VjdGlvbiwgdGhlIGxpZ2h0"""
de-DE,356,"""RGllIHZpZWxlbiB3ZWNoc2VsbcO2Z2xpdmNoa2VpdGVuIGRlcyBadWJlaMO2cnMudG9w""","""VGhlIG1hbnkgaW50ZXJjaGFuZ2VhYmxlIG9wdGlvbnMgb2YgdGhlIGFjY2Vzc29yaWVzLiB0b3A="""
de-DE,357,"""ZGVyIEh1bmQ=""","""dGhlIGRvZw=="""
de-DE,358,"""RGFzIGVzIHNlaHIgZ2VzdGVsbHQgYXVzc2llaHQuIEhhYmUgc2VsYmVyIG1hbCBzbyBlaW4gR2Vyw6R0IGdlaGFidCB1bmQgODAlIGRlcyBTY2htdXR6ZXMgaGF0IGVyIG5pY2h0IGF1Zmdlc2F1Z3QuIERhaGVyIGVpbiB0b3RhbGVzOiBCUkFVQ0hFIElDSCBOSUNIVCE=""","""SXQgbG9va3MgdmVyeSBzdGFnZWQuIEkgb25jZSBoYWQgc3VjaCBhIGRldmljZSBteXNlbGYgYW5kIGl0IG9ubHkgcGlja2VkIHVwIDgwJSBvZiB0aGUgZGlydC4gVGhlcmVmb3JlIGEgdG90YWw6IEkgRE9OJ1QgTkVFRCBJVCEg"""
de-DE,361,"""VmVyc3RlaGUgZGllIEZyYWdlIG5pY2h0LiAKSXN0IGVpbiBTdGF1YnNhdWdlciBtaXQgdmllbGVuIEZlYXR1cmVzIHdpZSBob2hlIHNhdWdrcmFmdCwgNjAgbWluIExhdWZ6ZWl0IHVzdy4g""","""SSBkbyBub3QgdW5kZXJzdGFuZCB0aGUgcXVlc3Rpb24uCkl0IGlzIGEgdmFjdXVtIGNsZWFuZXIgd2l0aCBtYW55IGZlYXR1cmVzIGxpa2UgaGlnaCBzdWN0aW9uIHBvd2VyLCA2MCBtaW4gcnVudGltZSBldGMu"""
de-DE,365,"""VG9sbGVyIGFra3VzdGF1YnNhdWdlciB2b24gcm93ZW50YSA=""","""R3JlYXQgY29yZGxlc3MgdmFjdXVtIGNsZWFuZXIgZnJvbSBSb3dlbnRh"""
de-DE,369,"""UXVhbGl0w6R0IA==""","""UXVhbGl0eQ=="""
de-DE,370,"""T3B0aXNjaCBhdWZmw6RsbGlnIA==""","""VmlzdWFsbHkgc3RyaWtpbmc="""
de-DE,374,"""RGFzIExldWNodGVuIGRlcyBHZXLDpHRzIGltIFZpZGVvLg==""","""VGhlIGxpZ2h0aW5nIG9mIHRoZSBkZXZpY2UgaW4gdGhlIHZpZGVvLg=="""
de-DE,380,"""U3RhdWJzYXVnZXIgYXVzIEZyYW5rcmVpY2guIA==""","""VmFjdXVtIGNsZWFuZXIgZnJvbSBGcmFuY2Uu"""
de-DE,1387,"""ZGVyIG5ldWUgaGFuZHN0YXVic2F1Z2VyIHZvbiByb3dlbnRzIG1pdCBtc3hpbW1hbGVyIHNhdWdrcmFmdA==""","""dGhlIG5ldyBoYW5kaGVsZCB2YWN1dW0gY2xlYW5lciBmcm9tIHJvd2VudHMgd2l0aCBtYXhpbXVtIHN1Y3Rpb24gcG93ZXI="""
de-DE,1402,"""ZGllIHJvdGllcmVuZGUgQm9kZW5iw7xyc3RlIGJlaSBkZXIgTmFzc3JlaW5pZ3VuZw==""","""dGhlIHJvdGF0aW5nIGZsb29yIGJydXNoIGZvciB3ZXQgY2xlYW5pbmc="""
de-DE,1404,"""ZXMgaGFuZGVsdCBzaWNoIHVtIGVpbmVuIHNlaHIgbGVpc3R1bmdzc3RhcmtlbiBTdGF1YnNhdWdlcg==""","""aXQgaXMgYSB2ZXJ5IHBvd2VyZnVsIHZhY3V1bSBjbGVhbmVy"""
de-DE,1406,"""RGFzIEdld2ljaHQ=""","""VGhlIHdlaWdodA=="""
de-DE,1409,"""TmljaHRz""","""Tm90aGluZw=="""
de-DE,1415,"""ZGllIHRpZXJoYXJiw7xyc3RlIHNvd2llIGRhcyBtYW4gw7xiZXJhbGwgZHJ1bnRlciBrb21tdA==""","""dGhlIHBldCBicnVzaCBhcyB3ZWxsIGFzIGdldHRpbmcgZXZlcnl3aGVyZSB1bmRlcm5lYXRo"""
de-DE,1421,"""Um93ZW50YSA=""","""Um93ZW50YQ=="""
de-DE,1428,"""RWluIEtyYWZ0dm9sbGVyIGlubm92YXRpdmVyIHN0YXVic2F1Z2VyIA==""","""QSBwb3dlcmZ1bCBpbm5vdmF0aXZlIHZhY3V1bSBjbGVhbmVy"""
de-DE,1429,"""ZGllIEZsZXhpYmlsaXTDpHQgZGVzIFN0YXVic2F1Z2Vy""","""dGhlIGZsZXhpYmlsaXR5IG9mIHRoZSB2YWN1dW0gY2xlYW5lcg=="""
de-DE,1430,"""RGllIGdyb8OfYXJ0aWdlIEZsZXhpYmlsaXTDpHQgZHVyY2ggZGllIHZpZWxlbiBXZWNoc2VsYXVmc8OkdHpl""","""VGhlIGdyZWF0IGZsZXhpYmlsaXR5IHRocm91Z2ggdGhlIG1hbnkgaW50ZXJjaGFuZ2VhYmxlIGF0dGFjaG1lbnRz"""
de-DE,1431,"""ZWluIHN1cGVyIFNhdWdlciBmw7xyIGFsbGVzIHNlaHIgbGVpY2h0IHVuZCBndXQ=""","""YSBzdXBlciB2YWN1dW0gY2xlYW5lciBmb3IgZXZlcnl0aGluZyB2ZXJ5IGxpZ2h0IGFuZCBnb29k"""
de-DE,1435,"""U3RhdWJzYXVnZW4gc2NobmVsbCB1bmQgZWluZmFjaA==""","""VmFjdXVtaW5nIHF1aWNrbHkgYW5kIGVhc2lseQ=="""
de-DE,1436,"""cm93ZW50YSBpc3Qgc2VociBpbm5vdmF0aXY=""","""Um93ZW50YSBpcyB2ZXJ5IGlubm92YXRpdmU="""
de-DE,1438,"""ZGV0YWlsbGllcnRlIHZvcmbDvGhydW5nIGVpbmVzIGFra3VzdGF1YnNhdWdlci4=""","""ZGV0YWlsZWQgZGVtb25zdHJhdGlvbiBvZiBhIGNvcmRsZXNzIHZhY3V1bSBjbGVhbmVyLg=="""
de-DE,1440,"""cm93ZW50ZXIgc3RhdWJzYXVnZXIgbWl0IHZpZWxlbiBmdW5rdGlvbmVu""","""cm93ZW50YSB2YWN1dW0gY2xlYW5lciB3aXRoIG1hbnkgZnVuY3Rpb25z"""
de-DE,1441,"""TmljaHRz""","""Tm90aGluZw=="""
de-DE,1443,"""SHVuZCB1bmQgMyBGYXJiZW4gU2F1Z2Vy""","""RG9nIGFuZCAzIGNvbG9ycyB2YWN1dW0gY2xlYW5lcg=="""
de-DE,1446,"""ZGllIGR5bmFtaXNjaGUgRGFyc3RlbGx1bmcgZGVzIFByb2R1a3Rz""","""dGhlIGR5bmFtaWMgcHJlc2VudGF0aW9uIG9mIHRoZSBwcm9kdWN0"""
de-DE,1448,"""QW4gZWluZW4gSHVuZA==""","""VG8gYSBkb2c="""
de-DE,1449,"""ZWluIFN0YXVic2F1Z2VyIG1pdCB2aWVsZW4gRnVua3Rpb25lbg==""","""YSB2YWN1dW0gY2xlYW5lciB3aXRoIG1hbnkgZnVuY3Rpb25z"""
de-DE,1450,"""TmljaHRz""","""Tm90aGluZw=="""