de-DE,1,Sehr Ã¤hnlich zu Dyson Auftritt.. sonst gute Innovationen und FunktionalitÃ¤t ,Very similar to Dyson appearance.. otherwise good innovations and functionality
de-DE,2,ein Mann saugt - keine attraktive Frau,a man vacuums - no attractive woman
de-DE,3,Einfaches Saugen, gedreht fÃ¼r eine junge Altersgruppe ,Simple vacuuming, twisted for a young age group
de-DE,4,Etwas hektisch, aber man bekommt direkt Lust, die Wohnung zu saugen,A bit hectic, but you immediately want to vacuum the apartment
de-DE,5,Ein staubsauger
,A vacuum cleaner
de-DE,6,Gut und praktisch ,Good and practical
de-DE,7,Herstellung in Frankreich, schafft auch Hundehaare, alle bÃ¶den,Manufactured in France, also removes dog hair, all floors
de-DE,8,Hund,Dog
de-DE,9,Die Dynamik der Szenen und die Musik,The dynamics of the scenes and the music
de-DE,10,Der Staubsauger ,The vacuum cleaner
de-DE,11,Ein wunderbarer Staubsauger mit sehr vielen Innovationen.,A wonderful vacuum cleaner with many innovations.
de-DE,12,Die Saugkraft,The suction power
de-DE,13,Lange Akku Laufzeit, besonders starke Saugleistung,  neue Generation BÃ¼rste, es gibt auch eine Wischfunktion, flexibles Saugrohr,Long battery runtime, especially strong suction power, new generation brush, there is also a mopping function, flexible suction hose
de-DE,14,neue BÃ¼rste, 2in1 Reinigung, leistungsfÃ¤hig, leicht, sehr grÃ¼ndlich, fÃ¼r BÃ¶den und PolstermÃ¶bel, Knickgelenk, elektronische Steuerung der BÃ¼rste bzw. Geschwindigkeit,new brush, 2 in 1 cleaning, powerful, light, very thorough, for floors and upholstered furniture, bending joint, electronic control of the brush or speed
de-DE,15,effektive Reinigung, verschiedene AufsÃ¤tze, Musik, Hund, abknicken vom Saugstab,effective cleaning, various attachments, music, dog, bending from the suction rod
de-DE,16,die Vielseitigkeit,the versatility
de-DE,17,Die Musik,The music
de-DE,18,leicht, felxibel, effektiv, schnell,light, flexible, effective, fast
de-DE,19,Leistungsstarke ,Powerful
de-DE,20,Kabelloser Staubsauger verwandelbar lÃ¤nger Stiel kurze variante beutelloses saugen  stufenregulierung HÃ¶hen unterschied 
,Cordless vacuum convertible longer rod short variant bagless vacuuming stage regulation heights different
de-DE,21,nichts,nothing
de-DE,22,die vielseitige Verwendbarkeit des GerÃ¤tes,the versatile usability of the device
de-DE,23,rowenta,rowenta
de-DE,24,Intelligent sauber,Intelligent clean
de-DE,25,Tierhaare aufsaugen, hohe Akkuleistung; kompatibel mit verschiedenen AufsÃ¤tzen,Sucking up pet hair, high battery performance; compatible with various attachments
de-DE,26,Staubsauger der gehyped wird wie ein Rennwagen. Kann alles und mehr als man braucht.,A vacuum cleaner that is hyped up like a race car. Can do everything and more than you need.
de-DE,27,Turbo BÃ¼rste mit LED, Flex Gelenk, bis zu 60 Minuten Laufzeit, Saugen und wischen, viel zubehÃ¶r,Turbo brush with LED, flexible joint, up to 60 minutes runtime, vacuuming and wiping, lots of accessories
de-DE,28,Ein Staubsauger von Rowenta mit hoher Saugkraft, LED, der Hund,A Rowenta vacuum cleaner with high suction power, LED, the dog
de-DE,29,Musik
Staubsauger
Hund,Music
Vacuum cleaner
Dog
de-DE,30,Ich habe so eine Ã¤hnlichen aber nicht in der QualitÃ¤t. Kann auch das GerÃ¤t knicken um besser unter mÃ¶bel zu kommen, Licht und BÃ¼rsten sind bei mir auch.
NatÃ¼rlich ist es nicht die von Rowenta und hÃ¤lt bestimmt auch nicht so lange und es hat nicht so viel ZubehÃ¶r wie den Bodenwischer Aufsatz ,I have a similar one but not in the quality. It can also bend the device to get better under furniture, light and brushes are also on mine.
Of course it is not the one from Rowenta and certainly does not last as long and it does not have as many accessories like the floor wiper attachment
de-DE,31,Stiel abknickbar,Rod can be bent
de-DE,32,Kraftvoller Staubsauger dessen Rohr eingeknickt werden kann, leicht zusammenbaubar und platzsparend zu verstauen,Powerful vacuum cleaner whose tube can be bent, easily foldable and space-saving to store
de-DE,33,staubsauger von Rowentq,vacuum cleaner from Rowentq
de-DE,34,Sehr guter Staubsauger, verstellbar. Kann fast alles einsaugen, auch Tierhaare. ,Very good vacuum cleaner, adjustable. Can suck up almost everything, even pet hair.
de-DE,35,Der Hund,The dog
de-DE,36,die bunten farben des gerÃ¤tes,the colorful colors of the device
de-DE,37,Der schÃ¶ne Hund, die Power des Staubsaugers, die Eleganz, was der Sauger alles kann und die Power Musik.,The beautiful dog, the power of the vacuum cleaner, the elegance, what the vacuum can do and the power music.
de-DE,38,Rowenta Staubsauger
Schnelle Musik
Ãberforderung
Zu viel Text
Zu schnell
,Rowenta Vacuum Cleaner
Fast music
Overwhelmed
Too much text
Too fast
de-DE,39,Neuartige BÃ¼rste, flexibel, in Frankreich hergestellt ,Innovative brush, flexible, made in France
de-DE,40,Der Australin Shepherd, und natÃ¼rlich der Staubsauger mit seinen Funktionen,The Australian Shepherd, and of course the vacuum cleaner with its functions
de-DE,41,Leistungsstarker Akku-Sauger von Rowenta ,Powerful cordless vacuum cleaner from Rowenta
de-DE,42,Ein HandstÃ¼ck,A handheld unit
de-DE,43,eion interessantes produkt von rowenta modern ansprechend auffallend,an interesting product from rowenta modern appealing striking
de-DE,44,Die Marke Rowenta bringt ein neues franzÃ¶sisches Produkt auf den Markt. Ein kabelloser Handstaubsauger fÃ¼r Teppiche, und andere BÃ¶den. FÃ¼r Polster, MÃ¶bel. FÃ¼r jede Anwendung den richtigen Aufsatz.,The Rowenta brand is launching a new French product on the market. A cordless hand vacuum cleaner for carpets and other floors. For upholstery, furniture. The right attachment for every application.
de-DE,45,sehr gute Saugleistung, ohne Kabel, leicht zu bedienen, viele DÃ¼sen,very good suction power, without cable, easy to operate, many nozzles
de-DE,46,Staubsauger intelligent flexibel saugstark verschiedene AufsÃ¤tze ,Intelligent flexible powerful vacuum cleaner with various attachments
de-DE,47,fÃ¼r alle BÃ¶den- ,for all floors-
de-DE,48,toll was man mit dem machen kann. besoners das saugen von bÃ¶den,great what you can do with it. especially vacuuming floors
de-DE,49,Der Hund unter dem Sofa,The dog under the sofa
de-DE,50,die unglaubliche schlechte Ãbersetzung,the incredible bad translation
de-DE,51,dass der Staubsauger nahezu 100 prozent kleiner, feiner Partikel einsaugen kann,that the vacuum cleaner can almost 100 percent suck up smaller, finer particles
de-DE,52,Mehrere MÃ¶glichkeiten des Einsatzes. 1.6 kg Gewicht. Hergestellt in Frankreich,Several possibilities of use. 1.6 kg weight. Manufactured in France
de-DE,53,die Vielseitigkeit dieses ReinigungsgerÃ¤tes,the versatility of this cleaning device
de-DE,54,Ein intelligenter Akkustaubsauger ,An intelligent cordless vacuum cleaner
de-DE,55,Starker Staubsauger,Powerful vacuum cleaner
de-DE,56,rowenta. neue bÃ¼rsten,rowenta. new brushes
de-DE,57,1,6 kg,1.6 kg
de-DE,58,kann saugen und Wischen, Licht, lange Akkulaufzeit, starke Saugkraft, ZubehÃ¶r,can vacuum and wipe, light, long battery life, strong suction power, accessories
de-DE,59,Staubsauger,Vacuum cleaner
de-DE,60,ROWENTA Staubsauger, kraftvoll, sehr effektiv und variabel einsetzbar. Hergestellt bzw. produziert in Frankreich (der 1. seiner Klasse).,ROWENTA vacuum cleaner, powerful, very effective and versatile. Manufactured or produced in France (the 1st of its class).
de-DE,61,Gute bilder,Good pictures
de-DE,62,die flexible Gestaltung des Staubsaugers,the flexible design of the vacuum cleaner
de-DE,63,starke SaugbÃ¼rsten, flexible Handhabung, kraftvolle Reinigungsleistung, optimal auch bei Tierhaaren, Filterleistung,strong suction brushes, flexible handling, powerful cleaning performance, optimal also for pet hair, filter performance
de-DE,64,Nur 1,5 kg, mit Knieckfunktion, Verschiedene Geschwindigkeiten, 
,Only 1.5 kg, with knee function, various speeds,
de-DE,65,Die Musik; fÃ¼r mich etwas anstrengend zuzuhÃ¶ren. 
Ansonsten die Funktionen und das blaue Licht des Staubsaugers.,The music; for me somewhat tiring to listen to. 
Otherwise the functions and the blue light of the vacuum cleaner.
de-DE,66,Ein Staubsauger der aus mehreren Teilen besteht und damit individuell einsetzbar ist,A vacuum cleaner that consists of several parts and can thus be used individually
de-DE,67,Hund,Dog
de-DE,68,Rowenta Sauger mit viel Power,Rowenta vacuum with a lot of power
de-DE,69,laut und schrill und auffallend,Loud and shrill and conspicuous
de-DE,70,Das der Sauger auch wischen kann. Er hat starke Leistung und sieht toll aus. Ich bin verliebt ð,That the vacuum can also wipe. It has strong performance and looks great. I'm in love ð
de-DE,71,rowenta staubsauger der gut in alle Ecken kommt perfekt reinigt,rowenta vacuum cleaner that gets into all corners perfectly cleans
de-DE,72,Saugkraft, intelligentes System ,Suction power, intelligent system
de-DE,73,Staubsauger von rowenta,Vacuum cleaner from rowenta
de-DE,74,Staubsauger mit vielen Funktionen.,Vacuum cleaner with many functions.
de-DE,75,Erstmals in Frankreich produziert. Flink und wendig, handlich, neue BÃ¼rstenart.,First produced in France. Agile and nimble, handy, new brush type.
de-DE,76,FlexibilitÃ¤t ,Flexibility
de-DE,77,dass es verschiedene AufsÃ¤tze gibt, die z. B. auch als Bodenwischer funktionieren, dass man das GerÃ¤t auch vom Stiel abtrennen kann und damit das Auto aussaugen kann,that there are different attachments, which can also function as floor wipers, that you can detach the device from the stem and vacuum the car with it
de-DE,78,Kabelloser, effizienter und flexibler Staubsauger,Cordless, efficient and flexible vacuum cleaner
de-DE,79,Zukunftsmodell mit langer Laufzeit, kabellos hergestellt in Frankreich,Future model with long runtime, cordless manufactured in France
de-DE,80,Coole Musik, schnelle Wechsel der GerÃ¤te ,Cool music, quick changes of devices
de-DE,81,sehr interesant,Very interesting
de-DE,82,das es sich um einen guten Staubsauger handelt!,that it is a good vacuum cleaner!
de-DE,83,Der Sauger hat viele Funktionen,The vacuum has many functions
de-DE,84,Dieser Akkustaubsauger macht einen guten Eindruck.,This cordless vacuum cleaner makes a good impression.
de-DE,85,Sehr effizienter Handstaubsauger,Very efficient handheld vacuum cleaner
de-DE,86,Viele technisch Bilder; neuer flexibler Staubsauger wird vorgestellt; viele EinsatzmÃ¶glichkeiten,Many technical pictures; new flexible vacuum cleaner is presented; many application possibilities
de-DE,87,Das der Staubsauger sehr grÃ¼ndlich reinigt,That the vacuum cleaner cleans very thoroughly
de-DE,88,Leider gar nichts,Unfortunately nothing
de-DE,89,die vielen verschiedenen anwendungsmÃ¶glichkeiten und flexibilitÃ¤t vom gerÃ¤t,the many different application possibilities and flexibility of the device
de-DE,90,in Frankreich hergestellt,2-1 Sauger; neue Technologie; abknickbares Saugrohr; leichte HandarbeitsmÃ¶glichkeit;reinigt schnell und effizient,Made in France, 2-in-1 vacuum; new technology; bendable suction tube; easy hand operation; cleans quickly and efficiently
de-DE,91,3 in 1, 99,9 Staub sammelt ,3 in 1, 99.9% dust collects
de-DE,92,Ein GerÃ¤t fÃ¼r alle Aufgaben im Bereich Saugen,A device for all tasks in the area of vacuuming
de-DE,93,Das ich das GerÃ¤t haben mÃ¶chte ,That I want to have the device
de-DE,94,geknickter Stiel mit WaschbÃ¼rste,Bent stem with brush
de-DE,95,ein stabsauger der marke rowenta,a stick vacuum cleaner of the brand rowenta
de-DE,96,Der Rowenta Staubsauger ist sehr vielseitig und nicht nur fÃ¼r den Fussboden sondern auch fÃ¼r MÃ¶bel wie Sofa geeignet. Man muss sich nicht bÃ¼cken , weil der Staubsauger sich gut bedienen lÃ¤Ãt . Man kommt auch damit unter dem Sofa und zum SchluÃ kann man ihn bequem aufhÃ¤ngen,The Rowenta vacuum cleaner is very versatile and not only for floors but also for furniture like sofa suitable. You don't have to bend down, because the vacuum cleaner can be easily operated. You can also get under the sofa with it and finally you can hang it up conveniently
de-DE,97,Rowenta Powerfull,Rowenta Powerfull
de-DE,98,Staubsauger, der alles grÃ¼ndlich reinigt Ã¼berall,Vacuum cleaner that thoroughly cleans everywhere
de-DE,99,Das Tempo ..... so schnell, daÃ ich eigentlich gar nicht mitbekomme, worum, genau, es geht.....,The tempo ..... so fast, that I actually don't realize what exactly is going on.....
de-DE,100,Flexibel anwendbar, leicht, lange Laufzeit ,Flexible application, light, long runtime
de-DE,101,Der Hund unter dem Sofa,The dog under the sofa
de-DE,102,Hunde freundlich, unterschiedliche AufsÃ¤tze, kann saugen sowohl nasswischen ,Dog friendly, different attachments, can vacuum and wet wipe
de-DE,103,variables ZubehÃ¶r und der Hund unterm Sofa ,variable accessories and the dog under the sofa
de-DE,104,Viele interessante ReinigungsaufsÃ¤tze,Many interesting cleaning attachments
de-DE,105,Rowenta
WechselgerÃ¤te Reinigung,Rowenta Change devices cleaning
de-DE,106,Die VielfÃ¤ltigkeit des GerÃ¤ts,The versatility of the device
de-DE,107,Der Staubsauger hat unterschiedliche AufsÃ¤tze und ist knickbar. ,The vacuum cleaner has different attachments and is bendable.
de-DE,108,Sehr modern,Very modern
de-DE,109,2 in 1, sehr leicht, gut zu hÃ¤ndeln, ,2 in 1, very light, easy to handle,
de-DE,110,Staubsauger mit vielen Eigenschaften,Vacuum cleaner with many features
de-DE,111,Roweta Staubsauger, leistungsstark, fÃ¼r verschiedene BÃ¶den ,Roweta vacuum cleaner, powerful, for different floors
de-DE,112,Ein neuer Sauger. Von Rowenta,A new vacuum cleaner. From Rowenta
de-DE,113,Die vielen aufgefÃ¼hrten Vorteile,The many listed advantages
de-DE,114,stark , wendig , Rowenta fÃ¼r alle Art von BÃ¶den , wenn das so ist wie gezeigt alles super,strong, agile, Rowenta for all types of floors, if it works as shown everything is great
de-DE,115,Mit Wasser gibt Schmutz keine Chance.,Dirt has no chance with water.
de-DE,116,Vielseitig einsetzbares, leistungsstarkes Produkt,Versatile, high-performance product
de-DE,117,Die verschiedenen AufsÃ¤tze und dadurch sehr flexible EinsatzmÃ¶glichkeit,The different attachments and thus very flexible application possibilities
de-DE,118,Rowenta Staubsauger sehr effektiv, mit Licht, flexibel, hohe Leistung, viel Akku, hergestellt in Frankreich,Rowenta vacuum cleaner very effective, with light, flexible, high performance, long battery life, made in France
de-DE,119,Es geht um einen Staubsauger der ohne Beutel saugt. Und dazu noch wischen kann,It's about a vacuum cleaner that vacuums without a bag. And it can also mop
de-DE,120,Die Leichtigkeit mit dem Staubsauger zu saugen und wischen ,The ease of vacuuming and mopping with the vacuum cleaner
de-DE,121,Sehr gutes Sauber mÃ¶glich,Very good cleaning possible
de-DE,122,sieht klasse aus,looks great
de-DE,123,Der Hund :-) SpaÃ beiseite, das Video vermittelt sehr gut die vielfÃ¤ltigen EinsatzmÃ¶glichkeiten und Vorteile des Produkts, sehr informativ, wirkt zudem cool, frisch, modern und dynamisch,The dog :-) Jokes aside, the video very well conveys the versatile application possibilities and advantages of the product, very informative, also looks cool, fresh, modern and dynamic
de-DE,124,Rowenta hat einen neuen Staubsauger,Rowenta has a new vacuum cleaner
de-DE,125,viel zu schnell, man konnte kaum folgen,way too fast, you could hardly follow
de-DE,126,Flexibler kabelloser Staubsauger aus Frankreich,Flexible cordless vacuum cleaner from France
de-DE,127,Der Anfang erinnerte an Tron. Es war alles sehr schnell,The beginning reminded me of Tron. Everything was very fast
de-DE,128,Saugen und Nasswischen mit einem GerÃ¤t, knickbarer Stab.,Vacuuming and wet mopping with one device, bendable rod.
de-DE,129,VielfÃ¤ltige AnwendungsmÃ¶glichkeiten,  automatische Erkennung des Untergrund und Anpassung der Geschwindigkeit ,Versatile application possibilities, automatic recognition of the surface and adjustment of the speed
de-DE,130,modern, saugkrÃ¤ftig,modern, powerful suction
de-DE,131,FÃ¼r viele Staubsauganwendungen,For many vacuum applications
de-DE,132,Ich komme mit diesem GerÃ¤t unter jedes Bett , Tisch oder Sofa ohne das ich mich bÃ¼cken muss.,With this device I can get under any bed, table or sofa without having to bend down.
de-DE,133,die musik,the music
de-DE,134,Das Flex Rohr, um auch unter dem Sofa saugen zu kÃ¶nnen und die verschiedenen AufsÃ¤tze, auch wischer,The flexible hose, to also vacuum under the sofa and the different attachments, also wiper
de-DE,135,optik,optics
de-DE,136,Ein Staubsauger der angeblich alles kann,A vacuum cleaner that supposedly can do everything
de-DE,137,Flexibel ,Flexible
de-DE,138,fÃ¼r alle BÃ¶den geeignet,suitable for all floors
de-DE,139,Staubsaugerwerbung,Vacuum cleaner advertisement
de-DE,140,
Ein krÃ¤ftiger und grÃ¼ndlicher Staubsauger. Zeigt wie sich Polster mÃ¼helos und problemlos, vor allem schnell, absaugen lassen. Der Hund am Ende. ,A powerful and thorough vacuum cleaner. Shows how upholstery can be vacuumed effortlessly and problem-free, above all quickly. The dog at the end.
de-DE,141,Ein toller Handstaubsauger den ich gerne testen und besitzen wÃ¼rde ,A great handheld vacuum cleaner that I would like to test and own
de-DE,142,Die Musik lenkte mich sehr ab, aber welche verschiedenen AufsÃ¤tze genutzt werden kÃ¶nnen war sehr beeindruckend, v.a das Entfernen der Hundehaare auf dem Sofa,The music distracted me a lot, but how different attachments can be used was very impressive, especially removing dog hair from the sofa
de-DE,143,Rowenta Intelligent cleaning
Sauger mit vielen Funktionen, umbaubar zu Handstaubsauger, PolsterbÃ¼rste.,Rowenta Intelligent cleaning Vacuum cleaner with many functions, convertible to handheld vacuum cleaner, upholstery brush.
de-DE,144,Starker, autonomen, intelligenter Saugwischer mit Knickgelenk,Powerful, autonomous, intelligent sweeping mop with hinge
de-DE,145,Das man das GerÃ¤t auch als Handsauger benutzen kann.,That the device can also be used as a handheld vacuum.
de-DE,146,Die Vielseitige Nutzung und das umfangreiche ZubehÃ¶r,The versatile use and the comprehensive accessories
de-DE,147,â SEHR laut! (habe den Text kaum wahrgenommen).
â Spielte wie ein YouTube Video ab, d.h. alle 20s kam eine Pause, um die nÃ¤chsten 20s herunterzuladen.
â In meiner Wohnung ist wirklich zu wenig Teppich-FlÃ¤che, fÃ¼r so ein GerÃ¤t.
â Allerdings: Warum ein Rowenta kaufen, wenn es Dyson gibt?,- VERY loud! (I could hardly understand the text).
- It played like a YouTube video, i.e. there was a pause every 20s to download the next 20s.
- There is really too little carpet area in my apartment for such a device.
- However: Why buy Rowenta when there is Dyson?
de-DE,148,Power,Power
de-DE,149,DAs er viele Funktionen hat und die Nummer 1 in Frankreich ist,It has many functions and is number 1 in France
de-DE,150,Die verschiedenen MÃ¶glichkeiten, die das Produkt bietet und das schÃ¶ne Design des Produkts. Zudem ist mir der automatische Modus positiv aufgefallen. Das Produkt erkennt den jeweiligen Boden und kann die BÃ¼rste so anpassen, dass sie optimal passt.  ,The different possibilities that the product offers and the beautiful design of the product. I also liked the automatic mode. The product recognizes the respective floor and can adjust the brush so that it fits optimally.
de-DE,151,Das man den Sauger umbauen kann mit mehreren MÃ¶glichkeiten. So benÃ¶tigt man nur einen Sauger fÃ¼r alles ,That you can convert the vacuum cleaner with more possibilities. So you only need one vacuum cleaner for everything
de-DE,152,Sehr unruhige Werbung, sollte wohl die Leichtigkeit dokumentieren, war mir aber zu hektisch.,Very restless advertising, was supposed to document the ease, but it was too hectic for me.
de-DE,153,Ein kleiner, leichter AlleskÃ¶nner,A small, light all-rounder
de-DE,158,smartes Produkt,smart product
de-DE,162,Der Sauger ist sehr saugstark und sehr flexibel in der Anwendung,The vacuum cleaner is very powerful and very flexible in application
de-DE,171,Rowenta Staubsauger,Rowenta vacuum cleaner
de-DE,174,Handlich, modern, Akku, vielseitig ,Handy, modern, battery, versatile
de-DE,175,Der Hund,The dog
de-DE,176,Staubsauger ,Vacuum cleaner
de-DE,177,Rowenta Staubsauger der vieles kann und sehr saugstark ist.,Rowenta vacuum cleaner that can do a lot and is very powerful
de-DE,178,die Form des GerÃ¤ts,the shape of the device
de-DE,180,Der Hund unterm Sofa ,The dog under the sofa
de-DE,181,reinigend 99,9% bakterien vernichtend trocken nassreinigend,cleaning 99.9% bacteria destroying dry wet cleaning
de-DE,183,VielfÃ¤ltige MÃ¶glichkeiten ,Versatile possibilities
de-DE,185,Flexibler Einsatz 
Besonders gut auf Teppich ,Flexible use
Particularly good on carpet
de-DE,186,Ein neuer Staubsauger, sehr wendig, hohe Laufleistung ,A new vacuum cleaner, very maneuverable, high runtime
de-DE,188,Ein Staubsauger von Rowenta, der eine sehr gute Saugleistung hat, auch gut fÃ¼r Entfernung von Tierhaaren.,A Rowenta vacuum cleaner that has a very good suction power, also good for removal of pet hair.
de-DE,189,die verschiedenen BÃ¼rsten und das Abknicken des Stiels,the various brushes and the bending of the wand
de-DE,192,Das schÃ¶ne Design und der Ecomodus,The beautiful design and the ecomode
de-DE,195,Der Hund und der Hand Staubsauger von Rowenta,The dog and the hand vacuum cleaner from Rowenta
de-DE,196,Roventa Staubsauger ,Roventa vacuum cleaner
de-DE,197,Die VielfÃ¤ltigen VerwendungsmÃ¶glichkeiten des Staubsaugers ,The versatile uses of the vacuum cleaner
de-DE,199,Das es ein Akkustaubsauger von Rowenta ist mit verschiedenen ZubehÃ¶rteilen.,That it is a cordless vacuum cleaner from Rowenta with different accessory parts.
de-DE,200,saugstark, austauschbarer Akku,powerful suction, replaceable battery
de-DE,202,Akku-Sauger mot mehreren Funktionen ,Cordless vacuum cleaner with several functions
de-DE,203,der hund,the dog
de-DE,204,musik,music
de-DE,205,Die Wirkung davon,The effect of it
de-DE,206,sehr gute Bilder, die zeigen, was der neue Staubsauger alles kann,Very good pictures that show everything the new vacuum cleaner can do
de-DE,207,Staubsauer der auch wischt ,Vacuum cleaner that also wipes
de-DE,208,Tolles Produkt guter Anbieter wÃ¼rde ich gerne weiter empfehlen.,Great product good provider I would gladly continue to recommend.
de-DE,209,Laute Musik und viel Dreck,Loud music and lots of dirt
de-DE,210,ein ReinigungsgerÃ¤t  fÃ¼r 3 verschiedena Unterlagen. von Rowenta. Sehr leicht. akku fÃ¼r 1 Stunde,a cleaning device for 3 different surfaces. from Rowenta. Very light. battery for 1 hour
de-DE,211,flexibel, lange laufzeit, hohe saugkraft,flexible, long runtime, high suction power
de-DE,212,akkusauger von rowenta, hergestellt in frankreich,Rowenta cordless vacuum cleaner, made in France
de-DE,213,Staubsauger ,Vacuum cleaner
de-DE,214,Der Rowenta Powerful Vacuuming & Active Washing, Kraftvolles Saugen und Reinigen auf allen BelÃ¤gen, vielseitiges ZubehÃ¶r, Leistungsstarker AKKU.,The Rowenta Powerful Vacuuming & Active Washing, Powerful Vacuuming and Cleaning on all Surfaces, Versatile Accessories, Powerful BATTERY.
de-DE,215,hohe Saugkraft, nimmt auch Tierhaare mit, gut zu verstauen, einfache Handhabung,high suction power, also takes pet hair, easy to store, easy handling
de-DE,216,die vielfache MÃ¶glichkeit das GerÃ¤t zu teilen, und das Licht vorne,the multiple possibility to divide the device, and the light in front
de-DE,217,Sieht Stylish aus und konnte sogar SpaÃ machen :-) ,Looks Stylish and could even be fun :-)
de-DE,218,FÃ¼r die Ãffentlichkeits-Arbeit ist der deutsche Markt wohl keine gleichlautende Sprachnutzung wert, ledeglich Unter-Titelung.,For public relations work, the German market is probably not worth an identical language usage, merely subtitling.
de-DE,219,Ein Staubsauger der sugt und auch wischt alsZusatz saugt er auch MÃ¶bel ab,A vacuum cleaner that sucks and also wipes as an addition it also vacuums furniture
de-DE,220,es hebt absolut die Vorteile des Saugers hervor, modern, sehr ansprechend,it absolutely emphasizes the advantages of the vacuum cleaner, modern, very appealing
de-DE,221,Staubsauger Rowenta,Rowenta vacuum cleaner
de-DE,222,Die Musik,The music
de-DE,223,Das es fÃ¼r Tiere ist,That it is for pets
de-DE,224,staubstauger handbetrieb viel zubehÃ¶r,handheld vacuum cleaner lots of accessories
de-DE,225,Ein leistungsstarker Akku-Sauger, der sowohl nass als auch trocken saugt. Hohe Saugkraft, bis zu 99% Staubentffernung. 1,6 kg schwer, ohne ZubehÃ¶r,A powerful cordless vacuum cleaner that vacuums both wet and dry. High suction power, up to 99% dust removal. 1.6 kg weight, without accessories
de-DE,226,das es um einen neuen Staubsauger von Rowenta gibt ,that it is about a new vacuum cleaner from Rowenta
de-DE,227,TODAY MEN ACTIVE 500 ML,TODAY MEN ACTIVE 500 ML
de-DE,228,rowenta,Rowenta
de-DE,229,Ich bin fasziniert von der innovativen 2 und 1 Technik ,die perfekte Reinigsergebnisse im gesamten Haushalt garantiert .,I am fascinated by the innovative 2 in 1 technology, which guarantees perfect cleaning results throughout the household.
de-DE,230,Die Musik,The music
de-DE,231,Staubsaugen,Vacuuming
de-DE,232,Ravenna staubsauger mit outstanding cleaning brush,Ravenna vacuum cleaner with outstanding cleaning brush
de-DE,233,hund,dog
de-DE,234,Das es ein leichter und leistungsstarker rowenta Sauger ist. Innovativ in der Leistung und Performance ,That it is a light and powerful Rowenta vacuum cleaner. Innovative in performance and performance
de-DE,235,das produkt selber,the product itself
de-DE,236,Mir ist am meisten in Erinnerung geblieben, dass in dem Video sehr gut. Die Vorteile, die ich durch dieses Produkt habe dargestellt wurden. Das Video ist ja temporeich und wirkt somit spannend und nicht langweilig. Das Produkt wurde in ansprechenden Farben und in seine gesamten Funktionsweise vorgestellt. Wir haben besonders die schnellen Schnitte gefallen. Dadurch wirkt das Video sehr aktionsreich und anders als andere produktvideos. Es macht also einen unheimlich grossen Unterschied im Vergleich zu konkurrenzprodukten. Was ich damit sagen will, dass ich das Produkt durch dieses Video von anderen konkurrenzprodukten wohltuend abhebt. Das Video trÃ¤gt dazu bei, dass ich gerne mehr Ã¼ber das Produkt erfahren mÃ¶chte, weil mich das Produkt interessiert,What has stayed most in my memory is that the video was very good presented the advantages that I have through this product. The video is fast-paced and thus exciting and not boring. The product was presented in appealing colors and in its entire functionality. We particularly liked the fast cuts. This makes the video very action-packed and different from other product videos. So it makes an immense difference compared to competitive products. What I mean is that I distinguish the product from other competitive products in a beneficial way through this video. The video helps me want to learn more about the product because the product interests me
de-DE,237,hohe Reinigungsleistung,high cleaning performance
de-DE,238,ZubehÃ¶r,Accessories
de-DE,239,Eindeutig der schÃ¶ne, liebe Hund:-)) und die Musik-,Clearly the beautiful, loving dog:-)) and the music-
de-DE,240,Staubsauger und Teppich,vacuum cleaner and carpet
de-DE,241,Schreckliche GerÃ¤usche,Horrible noises
de-DE,242,Neuer Akku Sauger von Rowenta mit vilene Funktionen,New battery vacuum cleaner from Rowenta with many functions
de-DE,243,die starke Leistung des Handstaubsaugers,the strong performance of the handheld vacuum cleaner
de-DE,244,Staubseiger,Dust sucker
de-DE,245,sauberkeit und einfachheit,cleanliness and simplicity
de-DE,246,Die Kraft und VielfÃ¤ltigkeit des Saugers ,The power and versatility of the vacuum cleaner
de-DE,247,Ein flexibler Staubsauger mit vielen MÃ¶glichkeiten des Umbaus.,A flexible vacuum cleaner with many possibilities for conversion.
de-DE,248,Leistungsstark ,High-performance
de-DE,249,das ein handstaubsauger ist ohne kabel  mit der mÃ¶glichkeit wie beim poliergerÃ¤t die hartbÃ¶den zu reinigen ,that it is a handheld vacuum cleaner without cable with the possibility like with the polishing machine to clean hard floors
de-DE,250,Die Marke, der Hund, die blaue Farbe, die tatsache dass der Staubsauger faltbar ist,The brand, the dog, the blue color, the fact that the vacuum cleaner is foldable
de-DE,251,rowenta staubsauger mit verscheidene modelle,rowenta vacuum cleaner with different models
de-DE,252,Werbung von einem Staubsauger,Advertising for a vacuum cleaner
de-DE,253,sehr vielseitig und modern, starke Saugkaft, flexibel,very versatile and modern, strong suction power, flexible
de-DE,254,Hohe Leistung und lange Batterielaufzeit,High performance and long battery life
de-DE,255,der knickbare saugstab,the bendable suction tube
de-DE,256,Starke Kraft, Leistungsstark, 150W, leicht, nur 1,6 kg, neue BÃ¼rste zum saugen und wischen, flex gelenk,Strong power, powerful, 150W, light, only 1.6 kg, new brush for vacuuming and wiping, flexible joint
de-DE,257,Saugstark vielseitig verschiedene AufsÃ¤tze ,Powerful versatile different attachments
de-DE,258,60 Minuten Laufzeit, 1,6 kg schwer( leicht), verschiedenes ZubehÃ¶r, 99 ,9 Prozent Saugkraft, verschiedene Farben,mit Halterung,60 minute run time, 1.6 kg light weight, various accessories, 99.9 percent suction power, various colors, with mounting
de-DE,259,die Innovationen und praktischen Funktionen des GerÃ¤tes, wie die grÃ¼ndliche BÃ¼rste, die lange Haltbarkeit des Akku im eco Mode mit bis zu 60 Minuten, die vielseitige Verwendbarkeit, indem das Rohr mit der BodenbÃ¼rste gegen andere Teile ausgetauscht werden kann . B. fÃ¼r MÃ¶belreinigung,the innovations and practical functions of the device, such as the thorough brush, the long durability of the battery in eco mode with up to 60 minutes, the versatile usability, by exchanging the tube with the floor brush against other parts. E.g. for furniture cleaning
de-DE,260,leicht handhabbarer effektiver Staubsauger gut fÃ¼r Tierhalter geeignet,Easily handled effective vacuum cleaner well suited for pet owners
de-DE,261,Der beste Staubsauger fÃ¼r alles. Er saugt alle BÃ¶den automatische Umstellung, auch unter den MÃ¶bel und dann einfach an die Wand hÃ¤ngen.,The best vacuum cleaner for everything. It vacuums all floors automatically switching, also under furniture and then simply hang on the wall.
de-DE,262,Die Musik und der Sauger,The music and the vacuum cleaner
de-DE,263,Made in france,Made in france
de-DE,264,Turbosaugstaiber ,Turbo suction machine
de-DE,265,die Bewegung und die Musik,the movement and the music
de-DE,266,Neuer Akku-Staubsauger,
Flexibel, leicht,New cordless vacuum cleaner,
Flexible, light
de-DE,267,Das es ein vielseitiger Akkustaubsauger von Rowenta ist. Nicht nur mit dem normalen Bodensauger sondern auch mit eine kleinen SaugbÃ¼rste fÃ¼r die Couch. AuÃerdem kommt man flexibel damit unter die Couch und die Saugleistung scheint sehr gut zu sein, besonders bei Tierhaaren,That it is a versatile cordless vacuum cleaner from Rowenta. Not only with the normal floor vacuum but also with a small brush for the couch. In addition, it is flexible to get under the couch and the suction power seems to be very good, especially for pet hair
de-DE,268,die Saugkraft,the suction power
de-DE,269,die Vielseitigkeit des GerÃ¤tes, mit wenigen Handgriffen kann man es so umbauen was man gerade benÃ¶tigt,the versatility of the device, with a few simple movements it can be converted to whatever is currently needed
de-DE,270,Die Marke "Rowenta",The brand "Rowenta"
de-DE,271,2 in 1 - Reinigung
hohe Saugleistung
fÃ¼r alle BÃ¶den
geplante Herstellung in Frankreich
leichtes GerÃ¤t
Handgriff kann auch geknickt werden, um unter MÃ¶beln zu saugen,2 in 1 - Cleaning
high suction power
for all floors
planned manufacturing in France
lightweight device
handle can also be bent to vacuum under furniture
de-DE,272,Alles eine neue tolle Innovation mit viel Power! Tolle Sache...,Everything a new great innovation with a lot of power! Great thing...
de-DE,273,Das flexible Rohr. So das ich auch unter dem Sofa saugen kann.,The flexible hose. So I can also vacuum under the sofa.
de-DE,275,ein staubsauger der viel kann,innovativ,a vacuum cleaner that can do a lot, innovative
de-DE,277,Gut kn ser Handhabung, kann geknickt werden um unter die Couch zu kommen, perfekt um die Couch abzusaugen,Well in handling, can be bent to get under the couch, perfect to vacuum the couch
de-DE,278,Fie Animation mit den roten und blauen Farben ,The animation with the red and blue colors
de-DE,279,Ein Staubsauger der mit seinen wechselbaren ZubehÃ¶rteilen alles kann.,A vacuum cleaner that can do everything with its interchangeable accessory parts.
de-DE,280,Suagstark und reguliert die saugkraft von alleimne je nach Bodenbelag,Suagstark and regulates the suction power from alleimne depending on the floor covering
de-DE,281,Wie unglaublich flexibel man das GerÃ¤t von Rowenta verwenden kann. Dazu das wunderar einfache Stecksystem.,How incredibly flexible one can use the Rowenta device. Also the wonderfully simple plug-in system.
de-DE,282,es ist ein moderner akku-sauger von rowenta,it is a modern cordless vacuum cleaner from rowenta
de-DE,283,Die Vielseitigkeit des Akkusaugers,The versatility of the cordless vacuum cleaner
de-DE,284,Zu schneller Text, zu schnelle Schnittbilder.,Too fast text, too fast cut images.
de-DE,285,wie einfach und praktisch ,how easy and practical
de-DE,286,FlexibilitÃ¤t verschieden einsetzbar auch als kleiner Akkusauger.
Kommt auch unter die Couch. Lange Laufzeit des Akku von 1 Stunde optimal.
Gutes Design ,Flexibility for different uses also as a small cordless vacuum. Also comes under the couch. Long battery life of 1 hour optimal. Good design
de-DE,288,Saugt wie der teufel,Sucks like the devil
de-DE,290,Die Marke Rowemta und Akkustaubsauger ,The brand Rowemta and cordless vacuum cleaners
de-DE,291,Staubsauger und Rowenta,Vacuum cleaner and Rowenta
de-DE,292,Die zahlreichen Vorteile / Eigenschaften des Staubsaugers,The numerous advantages / properties of the vacuum cleaner
de-DE,293,wieder ein neuer abklatsch eines dyson,another knockoff of a dyson
de-DE,295,perfektes und sauberes saugen,perfect and clean vacuuming
de-DE,296,Viele Informationen, gute akkuleistung, hergestellt in Frankreich, mit Licht ,Many informations, good battery life, manufactured in France, with light
de-DE,297,Ein fortschrittlicher Staubsauger.,A progressive vacuum cleaner.
de-DE,298,2 in 1 Staubsauger und Wischer vom Rowenta,2 in 1 vacuum cleaner and wiper from Rowenta
de-DE,299,die marke rowenta,the brand rowenta
de-DE,300,Ein neuartiger Staubsauger von Rowenra aus Frankreich ,A novel vacuum cleaner from Rowenra from France
de-DE,301,Neue BÃ¼rstentechnik, 1. Staubsauger in Frankreich hergestellt, coole Design,New brush technology, 1st vacuum cleaner manufactured in France, cool design
de-DE,302,Der Staubsauger ist flexibel einsetzbar und umbaubar. Leicht in der Handhabung egal was gesaugt werden muss. Glatte FlÃ¤chen und Teppiche. Sehr Saugstark! ,The vacuum cleaner is flexibly usable and convertible. Easy to handle no matter what needs to be vacuumed. Smooth surfaces and carpets. Very powerful suction!
de-DE,303,Ein Akkusauger, der sehr vielseitig und intelligent  ist.,A cordless vacuum cleaner that is very versatile and intelligent.
de-DE,304,Design und FunktionalitÃ¤t der DÃ¼se,Design and functionality of the nozzle
de-DE,305,Stielstaubsauger von Rowenta, einfache Nutzung, viele Funtionen, gut bei Haustieren,Upright vacuum cleaner from Rowenta, easy to use, many functions, good for pets
de-DE,306,Tolles Staubsauger mit viel Power und viele unterschiedlichen BÃ¼rsten,mit Akku ,Great vacuum cleaner with lots of power and many different brushes, with battery
de-DE,307,Das flexible an diesem neuen Staubsauger.Einfach toll.,The flexibility of this new vacuum cleaner. Simply amazing.
de-DE,308,der erste Staubsauger, der in Frankreich hergestellt wird,the first vacuum cleaner manufactured in France
de-DE,309,Keine Ahnung was hier gemeint ist ,No idea what is meant here
de-DE,310,der Hund unterm Sofa,the dog under the sofa
de-DE,311,Leistungsstark,High-performance
de-DE,312,Es ging um einen Stab Staubsauger ohne Kabel von der Firma Rowenta, der vielseitige Einsatzgebiete haben kann. ,It was about a cordless stick vacuum cleaner from Rowenta, which can have many areas of application.
de-DE,313,flexibel, doppelte Reinigung, Waschen, gefÃ¼hrte BÃ¼rste,flexible, double cleaning, washing, guided brush
de-DE,314,saugt alles schnell und ergiebig,vacuums everything quickly and efficiently
de-DE,315,Einfach genialer Akku Staubsauger. Man sieht wie er zusammengesetzt ist, was er an Funktionen bietet und wie einfach eher zu bedienen ist.,Simply a genius cordless vacuum cleaner. You can see how it is assembled, what functions it offers and how easy it is to operate.
de-DE,316,Neuer Staubsauger von Rowenta. GroÃe Saugleistung, fÃ¼r viele Anwendungen geeignet, hergestellt in Frankreich.
,New vacuum cleaner from Rowenta. Great suction power, suitable for many applications, manufactured in France.
de-DE,317,musik
















,music
de-DE,318,Staubsauger von Rowenta,Vacuum cleaners from Rowenta
de-DE,319,Hergestellt in frankreich.,Manufactured in France.
de-DE,320,gute Saugleistung, nur 1,6 kg schwer, von Rowenta, durch klickfix miteineander zu koppeln, zu angulieren, eifach zu benutzen,good suction power, only 1.6 kg light, from Rowenta, to couple together by clickfix, to angle, easy to use
de-DE,321,Nichts,Nothing
de-DE,322,cooler Staubsauger der auch unter die Couch kommt,Cool vacuum cleaner that also gets under the couch
de-DE,323,alles,everything
de-DE,324,Die vielen MÃ¶glichkeiten mit dem Sauger ,The many possibilities with the vacuum cleaner
de-DE,325,Rowenrs ksutf musik,Rowenrs ksutf music
de-DE,326,SelbstÃ¤ndige Geschwindigkeit,Independent speed
de-DE,328,entfernt  Tierhaare,removes pet hair
de-DE,329,Einige produktinfos,Some product info
de-DE,330,Das er wohl ansatzweise auh wischt und saugt gleichermaÃen,That it probably also wipes and vacuums equally
de-DE,332,Staubsauger von Rowenta,Vacuum cleaners from Rowenta
de-DE,333,gute Musik - Ein hochflexibler Akkustaubsauger, der auch unter die SchrÃ¤nke kommt und auch als Handstaubsauger "kurzen Prozess" mit allem was saugbar ist, macht. Er ist kraftvoll, aber nicht zu schwer! ,good music - A highly flexible cordless vacuum cleaner that also gets under cabinets and also works as a handheld vacuum cleaner that makes "short work" of everything that can be vacuumed. It is powerful but not too heavy!
de-DE,334,Starke Saugkraft, saugen und reinigen in einem GerÃ¤t, saugen und reinigen Ã¼berall auch Sofa und Teppich,Strong suction power, vacuum and clean in one device, vacuum and clean everywhere including sofa and carpet
de-DE,335,Akku Staubsauger und Wischer ,Cordless vacuum cleaner and wiper
de-DE,336,umknicken, feucht wischen, licht,bend, wet wipe, light
de-DE,338,Wie einfach sich alles verbinden lÃ¤sst.,How easy everything connects.
de-DE,339,WeiÃ nicht ,Don't know
de-DE,340,Ercidtcsehr tiefgrÃ¼ndige ,Ercidtcsehr very profound
de-DE,341,Die FlexibilitÃ¤t bei der Anwendung des Saugers und die etwas nervige Musik,The flexibility when applying the vacuum cleaner and the somewhat annoying music
de-DE,342,Dass,es ein AmoklÃ¤ufer ist,That it is a school shooter
de-DE,343,der Hund,the dog
de-DE,344,Dass der neue Rowenta Staubsauger beworben wurde,That the new Rowenta vacuum cleaner was advertised
de-DE,345,Die verschiedenen Optionen die es gibt um den Staubsauger einzusÃ¤tzen, sowie die unterschiedlichen AufsÃ¤tze,The different options there are to use the vacuum cleaner, as well as the various attachments
de-DE,346,Rowenta clean, aufgeladen in 60 Minuten, abknickbares Saugrohr, MinibÃ¼rste,Rowenta clean, charged in 60 minutes, bendable suction tube, mini brush
de-DE,347,Ein leichter wischsauger der eine hohe Laufleistung hat und bis zu 60 Minuten saugt ,A light wiping vacuum that has a high run time and vacuums for up to 60 minutes
de-DE,348,leicht und starke saugkraft auf allen untergrÃ¼nden,light and strong suction on all surfaces
de-DE,349,Handstaubsauger mit neuester Technologie, gut auf Teppich und anderen BÃ¶den, passt sich an, Rohr abknickbar. ,Handheld vacuum cleaner with latest technology, good on carpet and other surfaces, adapts, tube can bend.
de-DE,350,sah interessant aus und kommt in jede Ecke,looked interesting and fits in every corner
de-DE,351,Rowenta, made in france und 99,x % werden eingesammelt ,Rowenta, made in France and 99.x% will be collected
de-DE,352,der Hund,the dog
de-DE,353,Rowenta Akkustaubsauger, Tierhaare, verschiedene BÃ¼rsten leicht austauschbar, 60 Minuten Betriebsdauer mit einer Akkuaufladung,Rowenta cordless vacuum cleaner, pet hair, various brushes easily interchangeable, 60 minutes operating time with one battery charge
de-DE,354,Der neue Akku staubsauger von rowenta, zu vielerlei zu gebrauchen im Haushalt ,The new cordless vacuum cleaner from Rowenta, for many uses in the household
de-DE,355,Sie einzelnen Elemente des Staubsauger, der Akku , den Stiel wo man abknicken kann , saugstarke, das licht,The individual elements of the vacuum cleaner, the battery, the tube that can bend, powerful suction, the light
de-DE,356,Die vielen wechselmÃ¶glivchkeiten des ZubehÃ¶rs.top,The many interchangeable options of the accessories. top
de-DE,357,der Hund,the dog
de-DE,358,Das es sehr gestellt aussieht. Habe selber mal so ein GerÃ¤t gehabt und 80% des Schmutzes hat er nicht aufgesaugt. Daher ein totales: BRAUCHE ICH NICHT!,It looks very staged. I once had such a device myself and it only picked up 80% of the dirt. Therefore a total: I DON'T NEED IT! 
de-DE,361,Verstehe die Frage nicht. 
Ist ein Staubsauger mit vielen Features wie hohe saugkraft, 60 min Laufzeit usw. ,I do not understand the question.
It is a vacuum cleaner with many features like high suction power, 60 min runtime etc.
de-DE,365,Toller akkustaubsauger von rowenta ,Great cordless vacuum cleaner from Rowenta
de-DE,369,QualitÃ¤t ,Quality
de-DE,370,Optisch auffÃ¤llig ,Visually striking
de-DE,374,Das Leuchten des GerÃ¤ts im Video.,The lighting of the device in the video.
de-DE,380,Staubsauger aus Frankreich. ,Vacuum cleaner from France.
de-DE,1387,der neue handstaubsauger von rowents mit msximmaler saugkraft,the new handheld vacuum cleaner from rowents with maximum suction power
de-DE,1402,die rotierende BodenbÃ¼rste bei der Nassreinigung,the rotating floor brush for wet cleaning
de-DE,1404,es handelt sich um einen sehr leistungsstarken Staubsauger,it is a very powerful vacuum cleaner
de-DE,1406,Das Gewicht,The weight
de-DE,1409,Nichts,Nothing
de-DE,1415,die tierharbÃ¼rste sowie das man Ã¼berall drunter kommt,the pet brush as well as getting everywhere underneath
de-DE,1421,Rowenta ,Rowenta
de-DE,1428,Ein Kraftvoller innovativer staubsauger ,A powerful innovative vacuum cleaner
de-DE,1429,die FlexibilitÃ¤t des Staubsauger,the flexibility of the vacuum cleaner
de-DE,1430,Die groÃartige FlexibilitÃ¤t durch die vielen WechselaufsÃ¤tze,The great flexibility through the many interchangeable attachments
de-DE,1431,ein super Sauger fÃ¼r alles sehr leicht und gut,a super vacuum cleaner for everything very light and good
de-DE,1435,Staubsaugen schnell und einfach,Vacuuming quickly and easily
de-DE,1436,rowenta ist sehr innovativ,Rowenta is very innovative
de-DE,1438,detaillierte vorfÃ¼hrung eines akkustaubsauger.,detailed demonstration of a cordless vacuum cleaner.
de-DE,1440,rowenter staubsauger mit vielen funktionen,rowenta vacuum cleaner with many functions
de-DE,1441,Nichts,Nothing
de-DE,1443,Hund und 3 Farben Sauger,Dog and 3 colors vacuum cleaner
de-DE,1446,die dynamische Darstellung des Produkts,the dynamic presentation of the product
de-DE,1448,An einen Hund,To a dog
de-DE,1449,ein Staubsauger mit vielen Funktionen,a vacuum cleaner with many functions
de-DE,1450,Nichts,Nothing
